,rank,code,name,marcap,marcap_pct,year,sector
0,1,005930,삼성전자,202.095,15.47%,2013,반도체와반도체장비
1,2,005380,현대차,52.095,3.99%,2013,자동차
2,3,012330,현대모비스,28.570,2.19%,2013,자동차부품
3,4,005490,POSCO,28.467,2.18%,2013,철강
4,5,000660,SK하이닉스,26.135,2.00%,2013,반도체와반도체장비
5,6,035420,NAVER,23.865,1.83%,2013,인터넷소프트웨어와서비스
6,7,005935,삼성전자우,23.130,1.77%,2013,반도체와반도체장비
7,8,000270,기아차,22.741,1.74%,2013,자동차
8,9,055550,신한지주,22.430,1.72%,2013,은행
9,10,015760,한국전력,22.308,1.71%,2013,전기유틸리티
10,11,032830,삼성생명,20.800,1.59%,2013,생명보험
11,12,051910,LG화학,19.848,1.52%,2013,화학
12,13,009540,현대중공업,19.532,1.50%,2013,조선
13,14,017670,SK텔레콤,18.572,1.42%,2013,무선통신서비스
14,15,105560,KB금융,16.323,1.25%,2013,은행
15,16,096770,SK이노베이션,13.084,1.00%,2013,석유와가스
16,17,086790,하나금융지주,12.726,0.97%,2013,은행
17,18,023530,롯데쇼핑,12.722,0.97%,2013,백화점과일반상점
18,19,000810,삼성화재,12.270,0.94%,2013,손해보험
19,20,066570,LG전자,11.144,0.85%,2013,전자제품
20,21,003550,LG,11.044,0.85%,2013,복합기업
21,22,053000,우리금융,10.720,0.82%,2013,은행
22,23,033780,KT&G,10.228,0.78%,2013,담배
23,24,000830,삼성물산,9.467,0.72%,2013,건설
24,25,034220,LG디스플레이,9.071,0.69%,2013,디스플레이패널
25,26,003600,SK,8.970,0.69%,2013,석유와가스
26,27,010140,삼성중공업,8.785,0.67%,2013,조선
27,28,086280,현대글로비스,8.663,0.66%,2013,도로와철도운송
28,29,051900,LG생활건강,8.559,0.66%,2013,가정용품
29,30,010950,S-Oil,8.331,0.64%,2013,석유와가스
30,31,030200,KT,8.238,0.63%,2013,다각화된통신서비스
31,32,011170,롯데케미칼,7.952,0.61%,2013,화학
32,33,161390,한국타이어,7.519,0.58%,2013,자동차부품
33,34,139480,이마트,7.429,0.57%,2013,백화점과일반상점
34,35,006400,삼성SDI,7.380,0.57%,2013,디스플레이패널
35,36,004020,현대제철,7.363,0.56%,2013,철강
36,37,000720,현대건설,6.759,0.52%,2013,건설
37,38,034730,SK C&C,6.750,0.52%,2013,IT서비스
38,39,042660,대우조선해양,6.699,0.51%,2013,조선
39,40,024110,기업은행,6.685,0.51%,2013,은행
40,41,035250,강원랜드,6.621,0.51%,2013,"호텔,레스토랑,레저"
41,42,088350,한화생명,6.592,0.50%,2013,생명보험
42,43,036460,한국가스공사,6.148,0.47%,2013,가스유틸리티
43,44,010130,고려아연,6.001,0.46%,2013,비철금속
44,45,090430,아모레퍼시픽,5.846,0.45%,2013,화장품
45,46,001800,오리온,5.667,0.43%,2013,식품
46,47,009150,삼성전기,5.453,0.42%,2013,전자장비와기기
47,48,036570,엔씨소프트,5.446,0.42%,2013,게임소프트웨어와서비스
48,49,078930,GS,5.324,0.41%,2013,석유와가스
49,50,021240,코웨이,5.121,0.39%,2013,가정용기기와용품
50,51,002380,KCC,4.929,0.38%,2013,건축자재
51,52,005387,현대차2우B,4.909,0.38%,2013,자동차
52,53,011210,현대위아,4.889,0.37%,2013,자동차부품
53,54,047050,대우인터내셔널,4.703,0.36%,2013,무역회사와판매업체
54,55,032640,LG유플러스,4.694,0.36%,2013,무선통신서비스
55,56,001300,제일모직,4.641,0.36%,2013,화학
56,57,010060,OCI,4.555,0.35%,2013,화학
57,58,029780,삼성카드,4.333,0.33%,2013,카드
58,59,018880,한라비스테온공조,4.137,0.32%,2013,자동차부품
59,60,005830,동부화재,3.979,0.30%,2013,손해보험
60,61,068270,셀트리온,3.854,0.30%,2013,제약
61,62,069960,현대백화점,3.768,0.29%,2013,백화점과일반상점
62,63,034020,두산중공업,3.758,0.29%,2013,기계
63,64,002790,아모레G,3.710,0.28%,2013,화장품
64,65,097950,CJ제일제당,3.629,0.28%,2013,식품
65,66,010620,현대미포조선,3.560,0.27%,2013,조선
66,67,001040,CJ,3.383,0.26%,2013,식품
67,68,016360,삼성증권,3.367,0.26%,2013,증권
68,69,010520,현대하이스코,3.328,0.25%,2013,철강
69,70,000210,대림산업,3.275,0.25%,2013,건설
70,71,030000,제일기획,3.164,0.24%,2013,광고
71,72,005385,현대차우,3.139,0.24%,2013,자동차
72,73,138930,BS금융지주,3.094,0.24%,2013,은행
73,74,047040,대우건설,3.063,0.23%,2013,건설
74,75,009830,한화케미칼,3.023,0.23%,2013,화학
75,76,000880,한화,2.938,0.22%,2013,화학
76,77,000150,두산,2.913,0.22%,2013,복합기업
77,78,006800,대우증권,2.908,0.22%,2013,증권
78,79,001450,현대해상,2.906,0.22%,2013,손해보험
79,80,011780,금호석유,2.901,0.22%,2013,화학
80,81,012450,삼성테크윈,2.890,0.22%,2013,전자장비와기기
81,82,012750,에스원,2.842,0.22%,2013,상업서비스와공급품
82,83,047810,한국항공우주,2.827,0.22%,2013,우주항공과국방
83,84,004990,롯데제과,2.718,0.21%,2013,식품
84,85,028050,삼성엔지니어링,2.640,0.20%,2013,건설
85,86,042670,두산인프라코어,2.614,0.20%,2013,기계
86,87,008770,호텔신라,2.610,0.20%,2013,"호텔,레스토랑,레저"
87,88,006260,LS,2.605,0.20%,2013,전기장비
88,89,035760,CJ오쇼핑,2.575,0.20%,2013,인터넷과카탈로그소매
89,90,114090,GKL,2.499,0.19%,2013,"호텔,레스토랑,레저"
90,91,004170,신세계,2.486,0.19%,2013,백화점과일반상점
91,92,004800,효성,2.469,0.19%,2013,화학
92,93,051600,한전KPS,2.466,0.19%,2013,전기유틸리티
93,94,064350,현대로템,2.448,0.19%,2013,기계
94,95,034230,파라다이스,2.405,0.18%,2013,"호텔,레스토랑,레저"
95,96,046890,서울반도체,2.356,0.18%,2013,디스플레이장비및부품
96,97,000670,영풍,2.334,0.18%,2013,비철금속
97,98,052690,한전기술,2.312,0.18%,2013,전기유틸리티
98,99,000120,CJ대한통운,2.281,0.17%,2013,도로와철도운송
99,100,071050,한국금융지주,2.274,0.17%,2013,증권
100,101,060980,만도,2.250,0.17%,2013,자동차부품
101,102,057050,현대홈쇼핑,2.232,0.17%,2013,인터넷과카탈로그소매
102,103,139130,DGB금융지주,2.212,0.17%,2013,은행
103,104,007070,GS리테일,2.156,0.17%,2013,백화점과일반상점
104,105,000100,유한양행,2.086,0.16%,2013,제약
105,106,071840,롯데하이마트,2.066,0.16%,2013,
106,107,000240,한국타이어월드와이드,2.051,0.16%,2013,자동차부품
107,108,088980,맥쿼리인프라,2.025,0.16%,2013,
108,109,028150,GS홈쇼핑,2.015,0.15%,2013,인터넷과카탈로그소매
109,110,012650,쌍용건설,1.999,0.15%,2013,건설
110,111,002550,LIG손해보험,1.977,0.15%,2013,손해보험
111,112,010120,LS산전,1.971,0.15%,2013,전기장비
112,113,011200,현대상선,1.930,0.15%,2013,해운사
113,114,005940,우리투자증권,1.911,0.15%,2013,증권
114,115,005300,롯데칠성,1.887,0.14%,2013,음료
115,116,111770,영원무역,1.883,0.14%,2013,"섬유,의류,신발,호화품"
116,117,001740,SK네트웍스,1.876,0.14%,2013,무역회사와판매업체
117,118,003490,대한항공,1.831,0.14%,2013,항공사
118,119,012630,현대산업,1.749,0.13%,2013,건설
119,120,073240,금호타이어,1.700,0.13%,2013,자동차부품
120,121,011070,LG이노텍,1.688,0.13%,2013,디스플레이장비및부품
121,122,026960,동서,1.680,0.13%,2013,식품
122,123,005440,현대그린푸드,1.641,0.13%,2013,식품과기본식료품소매
123,124,037620,미래에셋증권,1.609,0.12%,2013,증권
124,125,006360,GS건설,1.556,0.12%,2013,건설
125,126,000080,하이트진로,1.546,0.12%,2013,음료
126,127,000060,메리츠화재,1.535,0.12%,2013,손해보험
127,128,004370,농심,1.527,0.12%,2013,식품
128,129,037560,CJ헬로비전,1.487,0.11%,2013,방송과엔터테인먼트
129,130,181710,NHN엔터테인먼트,1.462,0.11%,2013,게임소프트웨어와서비스
130,131,006280,녹십자,1.455,0.11%,2013,제약
131,132,003240,태광산업,1.436,0.11%,2013,화학
132,133,053210,스카이라이프,1.413,0.11%,2013,방송과엔터테인먼트
133,134,002350,넥센타이어,1.381,0.11%,2013,자동차부품
134,135,120110,코오롱인더,1.372,0.11%,2013,화학
135,136,007310,오뚜기,1.369,0.10%,2013,식품
136,137,003690,코리안리,1.352,0.10%,2013,손해보험
137,138,001680,대상,1.321,0.10%,2013,식품
138,139,033630,SK브로드밴드,1.295,0.10%,2013,다각화된통신서비스
139,140,108670,LG하우시스,1.269,0.10%,2013,건축자재
140,141,115390,락앤락,1.265,0.10%,2013,포장재
141,142,900140,코라오홀딩스,1.222,0.09%,2013,자동차
142,143,082640,동양생명,1.221,0.09%,2013,생명보험
143,144,009240,한샘,1.184,0.09%,2013,가구
144,145,130960,CJ E&M,1.181,0.09%,2013,방송과엔터테인먼트
145,146,051915,LG화학우,1.163,0.09%,2013,화학
146,147,006120,SK케미칼,1.151,0.09%,2013,화학
147,148,004000,삼성정밀화학,1.149,0.09%,2013,화학
148,149,035720,다음,1.139,0.09%,2013,인터넷소프트웨어와서비스
149,150,039490,키움증권,1.116,0.09%,2013,증권
150,151,001120,LG상사,1.114,0.09%,2013,무역회사와판매업체
151,152,011790,SKC,1.106,0.08%,2013,화학
152,153,009970,영원무역홀딩스,1.076,0.08%,2013,"섬유,의류,신발,호화품"
153,154,006040,동원산업,1.064,0.08%,2013,식품
154,155,003620,쌍용차,1.036,0.08%,2013,자동차
155,156,022100,포스코 ICT,1.036,0.08%,2013,건설
156,157,002270,롯데푸드,1.022,0.08%,2013,식품
157,158,071320,지역난방공사,0.996,0.08%,2013,복합유틸리티
158,159,003450,현대증권,0.995,0.08%,2013,증권
159,160,096530,씨젠,0.994,0.08%,2013,생명과학도구및서비스
160,161,093050,LG패션,0.985,0.08%,2013,"섬유,의류,신발,호화품"
161,162,011160,두산건설,0.982,0.08%,2013,건설
162,163,069260,휴켐스,0.981,0.08%,2013,화학
163,164,020560,아시아나항공,0.963,0.07%,2013,항공사
164,165,117930,한진해운,0.961,0.07%,2013,해운사
165,166,086900,메디톡스,0.960,0.07%,2013,생물공학
166,167,005180,빙그레,0.957,0.07%,2013,식품
167,168,128940,한미약품,0.940,0.07%,2013,제약
168,169,001430,세아베스틸,0.929,0.07%,2013,철강
169,170,122900,아이마켓코리아,0.926,0.07%,2013,상업서비스와공급품
170,171,079160,CJ CGV,0.921,0.07%,2013,방송과엔터테인먼트
171,172,041510,에스엠,0.913,0.07%,2013,방송과엔터테인먼트
172,173,069620,대웅제약,0.883,0.07%,2013,제약
173,174,097230,한진중공업,0.835,0.06%,2013,조선
174,175,001230,동국제강,0.813,0.06%,2013,철강
175,176,103140,풍산,0.801,0.06%,2013,비철금속
176,177,011760,현대상사,0.790,0.06%,2013,무역회사와판매업체
177,178,081660,휠라코리아,0.785,0.06%,2013,"섬유,의류,신발,호화품"
178,179,138040,메리츠금융지주,0.779,0.06%,2013,손해보험
179,180,020000,한섬,0.777,0.06%,2013,"섬유,의류,신발,호화품"
180,181,105630,한세실업,0.776,0.06%,2013,"섬유,의류,신발,호화품"
181,182,091700,파트론,0.772,0.06%,2013,핸드셋
182,183,015750,성우하이텍,0.770,0.06%,2013,자동차부품
183,184,004490,세방전지,0.767,0.06%,2013,자동차부품
184,185,014620,성광벤드,0.764,0.06%,2013,기계
185,186,034120,SBS,0.759,0.06%,2013,방송과엔터테인먼트
186,187,039130,하나투어,0.752,0.06%,2013,"호텔,레스토랑,레저"
187,188,121440,골프존,0.743,0.06%,2013,게임소프트웨어와서비스
188,189,003670,포스코켐텍,0.740,0.06%,2013,비철금속
189,190,056190,에스에프에이,0.738,0.06%,2013,기계
190,191,085660,차바이오앤,0.736,0.06%,2013,생물공학
191,192,101060,SBS미디어홀딩스,0.736,0.06%,2013,방송과엔터테인먼트
192,193,170900,동아에스티,0.731,0.06%,2013,제약
193,194,036830,솔브레인,0.723,0.06%,2013,반도체와반도체장비
194,195,029530,신도리코,0.694,0.05%,2013,사무용전자제품
195,196,023590,다우기술,0.680,0.05%,2013,IT서비스
196,197,044820,코스맥스,0.677,0.05%,2013,화장품
197,198,003920,남양유업,0.677,0.05%,2013,식품
198,199,068870,LG생명과학,0.673,0.05%,2013,제약
199,200,007860,한일이화,0.672,0.05%,2013,자동차부품
200,201,008930,한미사이언스,0.658,0.05%,2013,제약
201,202,017800,현대엘리베이,0.652,0.05%,2013,기계
202,203,035080,인터파크,0.648,0.05%,2013,인터넷과카탈로그소매
203,204,018670,SK가스,0.646,0.05%,2013,가스유틸리티
204,205,031430,신세계인터내셔날,0.643,0.05%,2013,"섬유,의류,신발,호화품"
205,206,185750,종근당,0.642,0.05%,2013,제약
206,207,003300,한일시멘트,0.641,0.05%,2013,건축자재
207,208,000640,동아쏘시오홀딩스,0.640,0.05%,2013,제약
208,209,030530,원익IPS,0.629,0.05%,2013,반도체와반도체장비
209,210,019680,대교,0.618,0.05%,2013,교육서비스
210,211,005880,대한해운,0.617,0.05%,2013,해운사
211,212,053800,안랩,0.617,0.05%,2013,소프트웨어
212,213,082740,두산엔진,0.615,0.05%,2013,조선
213,214,000070,삼양홀딩스,0.610,0.05%,2013,식품
214,215,002960,한국쉘석유,0.609,0.05%,2013,석유와가스
215,216,005990,매일유업,0.600,0.05%,2013,식품
216,217,016420,NH농협증권,0.599,0.05%,2013,증권
217,218,017390,서울가스,0.590,0.05%,2013,가스유틸리티
218,219,005250,녹십자홀딩스,0.586,0.04%,2013,제약
219,220,006650,대한유화,0.567,0.04%,2013,화학
220,221,084990,바이로메드,0.561,0.04%,2013,생물공학
221,222,002240,고려제강,0.560,0.04%,2013,철강
222,223,077360,덕산하이메탈,0.558,0.04%,2013,반도체와반도체장비
223,224,005850,에스엘,0.554,0.04%,2013,자동차부품
224,225,023160,태광,0.551,0.04%,2013,기계
225,226,112040,위메이드,0.549,0.04%,2013,게임소프트웨어와서비스
226,227,034810,해성산업,0.545,0.04%,2013,부동산
227,228,008560,메리츠종금증권,0.542,0.04%,2013,증권
228,229,122870,와이지엔터테인먼트,0.541,0.04%,2013,방송과엔터테인먼트
229,230,161890,한국콜마,0.532,0.04%,2013,화장품
230,231,003030,세아제강,0.530,0.04%,2013,철강
231,232,005610,삼립식품,0.519,0.04%,2013,식품
232,233,033920,무학,0.518,0.04%,2013,음료
233,234,168330,내츄럴엔도텍,0.518,0.04%,2013,제약
234,235,004690,삼천리,0.515,0.04%,2013,가스유틸리티
235,236,003410,쌍용양회,0.511,0.04%,2013,건축자재
236,237,049770,동원F&B,0.509,0.04%,2013,식품
237,238,044490,태웅,0.506,0.04%,2013,기계
238,239,008000,웅진케미칼,0.505,0.04%,2013,화학
239,240,039030,이오테크닉스,0.505,0.04%,2013,반도체와반도체장비
240,241,006730,서부T&D,0.501,0.04%,2013,운송인프라
241,242,072870,메가스터디,0.494,0.04%,2013,교육서비스
242,243,004150,한솔제지,0.493,0.04%,2013,종이와목재
243,244,084870,베이직하우스,0.491,0.04%,2013,"섬유,의류,신발,호화품"
244,245,021960,우리파이낸셜,0.481,0.04%,2013,기타금융
245,246,051905,LG생활건강우,0.479,0.04%,2013,가정용품
246,247,006840,AK홀딩스,0.477,0.04%,2013,화학
247,248,007570,일양약품,0.473,0.04%,2013,제약
248,249,030520,한글과컴퓨터,0.469,0.04%,2013,소프트웨어
249,250,003090,대웅,0.465,0.04%,2013,제약
250,251,180640,한진칼,0.465,0.04%,2013,항공사
251,252,000430,대원강업,0.463,0.04%,2013,자동차부품
252,253,017940,E1,0.458,0.04%,2013,가스유틸리티
253,254,000815,삼성화재우,0.455,0.03%,2013,손해보험
254,255,038060,루멘스,0.455,0.03%,2013,디스플레이장비및부품
255,256,078160,메디포스트,0.453,0.03%,2013,생물공학
256,257,066575,LG전자우,0.453,0.03%,2013,전자제품
257,258,007340,동아타이어,0.451,0.03%,2013,자동차부품
258,259,043370,평화정공,0.450,0.03%,2013,자동차부품
259,260,008490,서흥캅셀,0.448,0.03%,2013,생명과학도구및서비스
260,261,034310,NICE,0.447,0.03%,2013,신용평가서비스
261,262,090435,아모레퍼시픽우,0.444,0.03%,2013,화장품
262,263,020760,일진디스플,0.442,0.03%,2013,디스플레이장비및부품
263,264,126560,현대에이치씨엔,0.439,0.03%,2013,방송과엔터테인먼트
264,265,025540,한국단자,0.432,0.03%,2013,자동차부품
265,266,051310,포스코플랜텍,0.432,0.03%,2013,기계
266,267,016170,로엔,0.427,0.03%,2013,방송과엔터테인먼트
267,268,003000,부광약품,0.426,0.03%,2013,제약
268,269,084110,휴온스,0.426,0.03%,2013,제약
269,270,175330,JB금융지주,0.425,0.03%,2013,은행
270,271,009410,태영건설,0.425,0.03%,2013,건설
271,272,024660,하림홀딩스,0.423,0.03%,2013,식품
272,273,035600,KG이니시스,0.422,0.03%,2013,IT서비스
273,274,015350,부산가스,0.420,0.03%,2013,가스유틸리티
274,275,020150,일진머티리얼즈,0.417,0.03%,2013,전자장비와기기
275,276,034830,한국토지신탁,0.417,0.03%,2013,부동산
276,277,000370,한화손해보험,0.416,0.03%,2013,손해보험
277,278,003570,S&T중공업,0.414,0.03%,2013,자동차부품
278,279,010780,아이에스동서,0.407,0.03%,2013,건설
279,280,078020,이트레이드증권,0.407,0.03%,2013,증권
280,281,008060,대덕전자,0.406,0.03%,2013,전자장비와기기
281,282,060720,KH바텍,0.405,0.03%,2013,핸드셋
282,283,037710,광주신세계,0.404,0.03%,2013,백화점과일반상점
283,284,005740,크라운제과,0.404,0.03%,2013,식품
284,285,003540,대신증권,0.399,0.03%,2013,증권
285,286,010690,화신,0.398,0.03%,2013,자동차부품
286,287,005720,넥센,0.396,0.03%,2013,자동차부품
287,288,064960,S&T모티브,0.393,0.03%,2013,자동차부품
288,289,009290,광동제약,0.391,0.03%,2013,제약
289,290,108320,실리콘웍스,0.390,0.03%,2013,디스플레이장비및부품
290,291,014830,유니드,0.390,0.03%,2013,화학
291,292,003457,현대증권2우B,0.389,0.03%,2013,증권
292,293,004970,신라교역,0.389,0.03%,2013,식품
293,294,095660,네오위즈게임즈,0.388,0.03%,2013,게임소프트웨어와서비스
294,295,058650,세아홀딩스,0.378,0.03%,2013,철강
295,296,000680,LS네트웍스,0.377,0.03%,2013,"섬유,의류,신발,호화품"
296,297,099190,아이센스,0.376,0.03%,2013,건강관리장비와용품
297,298,002990,금호산업,0.376,0.03%,2013,건설
298,299,033240,자화전자,0.372,0.03%,2013,전자장비와기기
299,300,001720,신영증권,0.369,0.03%,2013,증권
300,301,071970,STX중공업,0.368,0.03%,2013,기계
301,302,023890,아트라스BX,0.368,0.03%,2013,자동차부품
302,303,072710,농심홀딩스,0.366,0.03%,2013,식품
303,304,041960,코미팜,0.366,0.03%,2013,제약
304,305,013030,하이록코리아,0.364,0.03%,2013,기계
305,306,079980,휴비스,0.362,0.03%,2013,화학
306,307,004130,대덕GDS,0.361,0.03%,2013,전자장비와기기
307,308,009680,모토닉,0.360,0.03%,2013,자동차부품
308,309,013570,동양기전,0.356,0.03%,2013,기계
309,310,009580,무림P&P,0.355,0.03%,2013,종이와목재
310,311,016800,퍼시스,0.355,0.03%,2013,가구
311,312,058470,리노공업,0.355,0.03%,2013,반도체와반도체장비
312,313,084370,유진테크,0.354,0.03%,2013,반도체와반도체장비
313,314,078520,에이블씨엔씨,0.352,0.03%,2013,화장품
314,315,051370,인터플렉스,0.347,0.03%,2013,전자장비와기기
315,316,094800,맵스리얼티1,0.347,0.03%,2013,
316,317,025860,남해화학,0.343,0.03%,2013,화학
317,318,012320,경동가스,0.342,0.03%,2013,가스유틸리티
318,319,102940,코오롱생명과학,0.336,0.03%,2013,제약
319,320,004710,한솔테크닉스,0.335,0.03%,2013,디스플레이장비및부품
320,321,046140,SBS콘텐츠허브,0.335,0.03%,2013,방송과엔터테인먼트
321,322,000990,동부하이텍,0.334,0.03%,2013,반도체와반도체장비
322,323,012510,더존비즈온,0.332,0.03%,2013,소프트웨어
323,324,168490,한국패러랠,0.331,0.03%,2013,
324,325,054050,농우바이오,0.327,0.03%,2013,생물공학
325,326,048260,오스템임플란트,0.327,0.03%,2013,건강관리장비와용품
326,327,052790,액토즈소프트,0.327,0.03%,2013,게임소프트웨어와서비스
327,328,900050,중국원양자원,0.325,0.02%,2013,식품
328,329,036580,팜스코,0.324,0.02%,2013,식품
329,330,007690,국도화학,0.322,0.02%,2013,화학
330,331,003160,디아이,0.318,0.02%,2013,반도체와반도체장비
331,332,051500,CJ프레시웨이,0.318,0.02%,2013,"호텔,레스토랑,레저"
332,333,003470,동양증권,0.315,0.02%,2013,증권
333,334,004360,세방,0.315,0.02%,2013,도로와철도운송
334,335,060590,씨티씨바이오,0.315,0.02%,2013,제약
335,336,036490,OCI머티리얼즈,0.314,0.02%,2013,디스플레이장비및부품
336,337,000480,조선내화,0.313,0.02%,2013,비철금속
337,338,052400,코나아이,0.313,0.02%,2013,전자장비와기기
338,339,094840,슈프리마,0.312,0.02%,2013,전자장비와기기
339,340,054950,제이브이엠,0.311,0.02%,2013,건강관리장비와용품
340,341,086450,동국제약,0.310,0.02%,2013,제약
341,342,025000,KPX케미칼,0.309,0.02%,2013,화학
342,343,017960,한국카본,0.309,0.02%,2013,조선
343,344,014680,한솔케미칼,0.309,0.02%,2013,화학
344,345,007810,코리아써키트,0.308,0.02%,2013,전자장비와기기
345,346,082270,젬백스,0.307,0.02%,2013,반도체와반도체장비
346,347,033530,세종공업,0.305,0.02%,2013,자동차부품
347,348,123260,사파이어테크놀로지,0.304,0.02%,2013,화학
348,349,084690,대상홀딩스,0.301,0.02%,2013,식품
349,350,003520,영진약품,0.298,0.02%,2013,제약
350,351,063080,게임빌,0.298,0.02%,2013,게임소프트웨어와서비스
351,352,010460,화인자산관리,0.293,0.02%,2013,기타금융
352,353,031440,신세계푸드,0.293,0.02%,2013,"호텔,레스토랑,레저"
353,354,103590,일진전기,0.293,0.02%,2013,전기장비
354,355,008730,율촌화학,0.291,0.02%,2013,화학
355,356,080160,모두투어,0.289,0.02%,2013,"호텔,레스토랑,레저"
356,357,033500,동성화인텍,0.289,0.02%,2013,조선
357,358,033660,아주캐피탈,0.288,0.02%,2013,기타금융
358,359,001500,HMC투자증권,0.288,0.02%,2013,증권
359,360,037950,엘컴텍,0.287,0.02%,2013,핸드셋
360,361,019210,와이지-원,0.286,0.02%,2013,기계
361,362,042700,한미반도체,0.285,0.02%,2013,반도체와반도체장비
362,363,005389,현대차3우B,0.284,0.02%,2013,자동차
363,364,003530,한화투자증권,0.283,0.02%,2013,증권
364,365,003480,한진중공업홀딩스,0.282,0.02%,2013,조선
365,366,007660,이수페타시스,0.281,0.02%,2013,전자장비와기기
366,367,093370,후성,0.281,0.02%,2013,화학
367,368,003200,일신방직,0.281,0.02%,2013,"섬유,의류,신발,호화품"
368,369,036030,KTH,0.279,0.02%,2013,인터넷소프트웨어와서비스
369,370,183190,아세아시멘트,0.277,0.02%,2013,건축자재
370,371,031390,녹십자셀,0.277,0.02%,2013,생물공학
371,372,009520,포스코엠텍,0.277,0.02%,2013,비철금속
372,373,115160,휴맥스,0.276,0.02%,2013,전자제품
373,374,950100,SBI모기지,0.275,0.02%,2013,
374,375,032500,케이엠더블유,0.274,0.02%,2013,통신장비
375,376,068400,AJ렌터카,0.274,0.02%,2013,도로와철도운송
376,377,000050,경방,0.272,0.02%,2013,"섬유,의류,신발,호화품"
377,378,088390,이녹스,0.271,0.02%,2013,전자장비와기기
378,379,036420,제이콘텐트리,0.270,0.02%,2013,방송과엔터테인먼트
379,380,000140,하이트진로홀딩스,0.269,0.02%,2013,음료
380,381,000540,흥국화재,0.269,0.02%,2013,손해보험
381,382,067280,크레듀,0.268,0.02%,2013,교육서비스
382,383,021820,세원정공,0.262,0.02%,2013,자동차부품
383,384,069080,웹젠,0.261,0.02%,2013,게임소프트웨어와서비스
384,385,093920,서원인텍,0.260,0.02%,2013,핸드셋
385,386,001130,대한제분,0.259,0.02%,2013,식품
386,387,002810,삼영무역,0.259,0.02%,2013,화학
387,388,107590,미원에스씨,0.258,0.02%,2013,화학
388,389,024950,삼천리자전거,0.257,0.02%,2013,레저용장비와제품
389,390,003070,코오롱글로벌,0.256,0.02%,2013,건설
390,391,006380,카프로,0.256,0.02%,2013,화학
391,392,092040,아미코젠,0.254,0.02%,2013,생물공학
392,393,078340,컴투스,0.254,0.02%,2013,게임소프트웨어와서비스
393,394,004700,조광피혁,0.253,0.02%,2013,"섬유,의류,신발,호화품"
394,395,000230,일동제약,0.253,0.02%,2013,제약
395,396,104830,원익머트리얼즈,0.253,0.02%,2013,화학
396,397,001440,대한전선,0.251,0.02%,2013,전기장비
397,398,001725,신영증권우,0.250,0.02%,2013,증권
398,399,098460,고영,0.250,0.02%,2013,전자장비와기기
399,400,017810,풀무원홀딩스,0.248,0.02%,2013,식품
400,401,100130,동국S&C,0.248,0.02%,2013,기계
401,402,100120,뷰웍스,0.248,0.02%,2013,건강관리장비와용품
402,403,136480,하림,0.247,0.02%,2013,식품
403,404,041140,게임하이,0.247,0.02%,2013,게임소프트웨어와서비스
404,405,000155,두산우,0.247,0.02%,2013,복합기업
405,406,016450,한세예스24홀딩스,0.246,0.02%,2013,"섬유,의류,신발,호화품"
406,407,003850,보령제약,0.245,0.02%,2013,제약
407,408,003800,에이스침대,0.244,0.02%,2013,가구
408,409,036530,S&T홀딩스,0.243,0.02%,2013,기계
409,410,155960,지디,0.241,0.02%,2013,디스플레이장비및부품
410,411,152550,한국ANKOR유전,0.241,0.02%,2013,
411,412,019440,세아특수강,0.240,0.02%,2013,철강
412,413,004430,송원산업,0.239,0.02%,2013,화학
413,414,067000,조이시티,0.239,0.02%,2013,게임소프트웨어와서비스
414,415,067250,STX조선해양,0.236,0.02%,2013,조선
415,416,000390,삼화페인트,0.235,0.02%,2013,건축자재
416,417,066270,SK컴즈,0.234,0.02%,2013,인터넷소프트웨어와서비스
417,418,041520,이라이콤,0.233,0.02%,2013,핸드셋
418,419,035810,이지바이오,0.233,0.02%,2013,식품
419,420,014940,오리엔탈정공,0.232,0.02%,2013,조선
420,421,036930,주성엔지니어링,0.231,0.02%,2013,반도체와반도체장비
421,422,102460,이연제약,0.231,0.02%,2013,제약
422,423,005810,풍산홀딩스,0.230,0.02%,2013,비철금속
423,424,000700,한진해운홀딩스,0.230,0.02%,2013,해운사
424,425,002320,한진,0.228,0.02%,2013,도로와철도운송
425,426,108230,톱텍,0.228,0.02%,2013,디스플레이장비및부품
426,427,001510,SK증권,0.227,0.02%,2013,증권
427,428,005090,삼광글라스,0.227,0.02%,2013,포장재
428,429,054620,AP시스템,0.226,0.02%,2013,디스플레이장비및부품
429,430,077970,STX엔진,0.226,0.02%,2013,조선
430,431,104700,한국철강,0.226,0.02%,2013,철강
431,432,060300,레드로버,0.226,0.02%,2013,방송과엔터테인먼트
432,433,015360,예스코,0.225,0.02%,2013,가스유틸리티
433,434,114120,크루셜텍,0.223,0.02%,2013,핸드셋
434,435,080000,에스엔유,0.223,0.02%,2013,디스플레이장비및부품
435,436,009450,경동나비엔,0.222,0.02%,2013,가정용기기와용품
436,437,001060,JW중외제약,0.222,0.02%,2013,제약
437,438,024720,한국콜마홀딩스,0.220,0.02%,2013,화장품
438,439,014470,리홈쿠첸,0.220,0.02%,2013,가정용기기와용품
439,440,023410,유진기업,0.219,0.02%,2013,건축자재
440,441,046440,KG모빌리언스,0.217,0.02%,2013,IT서비스
441,442,082210,옵트론텍,0.217,0.02%,2013,핸드셋
442,443,000320,노루홀딩스,0.216,0.02%,2013,건축자재
443,444,092440,기신정기,0.214,0.02%,2013,기계
444,445,006370,대구백화점,0.214,0.02%,2013,백화점과일반상점
445,446,001790,대한제당,0.213,0.02%,2013,식품
446,447,079430,리바트,0.212,0.02%,2013,가구
447,448,038500,동양시멘트,0.212,0.02%,2013,건축자재
448,449,010955,S-Oil우,0.212,0.02%,2013,석유와가스
449,450,950130,엑세스바이오(Reg.S),0.212,0.02%,2013,
450,451,171120,라이온켐텍,0.211,0.02%,2013,건축자재
451,452,036710,심텍,0.209,0.02%,2013,전자장비와기기
452,453,014820,동원시스템즈,0.209,0.02%,2013,포장재
453,454,008040,동아원,0.207,0.02%,2013,식품
454,455,039530,씨앤케이인터,0.205,0.02%,2013,비철금속
455,456,053980,오상자이엘,0.205,0.02%,2013,소프트웨어
456,457,002020,코오롱,0.204,0.02%,2013,화학
457,458,010050,우리종금,0.204,0.02%,2013,기타금융
458,459,041020,인프라웨어,0.204,0.02%,2013,소프트웨어
459,460,145990,삼양사,0.203,0.02%,2013,식품
460,461,089470,현대EP,0.203,0.02%,2013,자동차부품
461,462,009160,SIMPAC,0.202,0.02%,2013,기계
462,463,136490,선진,0.201,0.02%,2013,식품
463,464,083650,비에이치아이,0.201,0.02%,2013,기계
464,465,003120,일성신약,0.201,0.02%,2013,제약
465,466,005500,삼진제약,0.201,0.02%,2013,제약
466,467,001250,GS글로벌,0.200,0.02%,2013,무역회사와판매업체
467,468,095720,웅진씽크빅,0.200,0.02%,2013,교육서비스
468,469,032350,롯데관광개발,0.199,0.02%,2013,"호텔,레스토랑,레저"
469,470,036190,금화피에스시,0.199,0.02%,2013,건설
470,471,086980,미디어플렉스,0.198,0.02%,2013,방송과엔터테인먼트
471,472,900120,씨케이에이치,0.198,0.02%,2013,식품
472,473,012700,리드코프,0.198,0.02%,2013,기타금융
473,474,031980,피에스케이,0.197,0.02%,2013,반도체와반도체장비
474,475,067830,세이브존I&C,0.197,0.02%,2013,백화점과일반상점
475,476,097780,에스맥,0.197,0.02%,2013,핸드셋
476,477,136540,윈스테크넷,0.197,0.02%,2013,소프트웨어
477,478,002310,아세아제지,0.196,0.02%,2013,포장재
478,479,005950,이수화학,0.196,0.01%,2013,화학
479,480,016580,환인제약,0.195,0.01%,2013,제약
480,481,002390,한독,0.195,0.01%,2013,제약
481,482,004560,현대비앤지스틸,0.195,0.01%,2013,비철금속
482,483,002620,제일약품,0.194,0.01%,2013,제약
483,484,048550,SM C&C,0.194,0.01%,2013,"호텔,레스토랑,레저"
484,485,052330,코텍,0.193,0.01%,2013,전자장비와기기
485,486,052270,우전앤한단,0.192,0.01%,2013,핸드셋
486,487,064260,다날,0.192,0.01%,2013,IT서비스
487,488,065620,샤인,0.192,0.01%,2013,비철금속
488,489,000400,롯데손해보험,0.192,0.01%,2013,손해보험
489,490,119610,인터로조,0.192,0.01%,2013,건강관리장비와용품
490,491,019170,신풍제약,0.191,0.01%,2013,제약
491,492,077500,유니퀘스트,0.190,0.01%,2013,반도체와반도체장비
492,493,085810,알티캐스트,0.190,0.01%,2013,소프트웨어
493,494,092230,KPX홀딩스,0.187,0.01%,2013,화학
494,495,161000,애경유화,0.187,0.01%,2013,화학
495,496,090460,비에이치,0.187,0.01%,2013,전자장비와기기
496,497,005680,삼영전자,0.187,0.01%,2013,전기제품
497,498,030190,NICE평가정보,0.186,0.01%,2013,신용평가서비스
498,499,003230,삼양식품,0.186,0.01%,2013,식품
499,500,080420,이노칩,0.185,0.01%,2013,핸드셋
500,501,089010,켐트로닉스,0.184,0.01%,2013,전자장비와기기
501,502,004250,NPC,0.184,0.01%,2013,화학
502,503,083790,크리스탈,0.183,0.01%,2013,생명과학도구및서비스
503,504,027390,한화타임월드,0.183,0.01%,2013,백화점과일반상점
504,505,138070,신진에스엠,0.183,0.01%,2013,기계
505,506,007210,벽산,0.182,0.01%,2013,건축자재
506,507,000860,건설화학,0.182,0.01%,2013,건축자재
507,508,015860,일진홀딩스,0.182,0.01%,2013,전기장비
508,509,002030,아세아,0.182,0.01%,2013,포장재
509,510,060310,3S,0.182,0.01%,2013,반도체와반도체장비
510,511,049960,쎌바이오텍,0.181,0.01%,2013,생물공학
511,512,001390,KG케미칼,0.181,0.01%,2013,화학
512,513,001210,금호전기,0.181,0.01%,2013,디스플레이장비및부품
513,514,003940,삼양제넥스,0.181,0.01%,2013,식품
514,515,033170,시그네틱스,0.181,0.01%,2013,반도체와반도체장비
515,516,011040,경동제약,0.180,0.01%,2013,제약
516,517,143160,아이디스,0.180,0.01%,2013,전자장비와기기
517,518,032190,다우데이타,0.179,0.01%,2013,소프트웨어
518,519,008020,경남에너지,0.178,0.01%,2013,가스유틸리티
519,520,053450,세코닉스,0.178,0.01%,2013,전자장비와기기
520,521,058860,케이티스,0.177,0.01%,2013,상업서비스와공급품
521,522,048530,인트론바이오,0.177,0.01%,2013,제약
522,523,053740,국제엘렉트릭,0.176,0.01%,2013,반도체와반도체장비
523,524,049550,잉크테크,0.176,0.01%,2013,컴퓨터와주변기기
524,525,044340,위닉스,0.175,0.01%,2013,가정용기기와용품
525,526,100220,비상교육,0.175,0.01%,2013,교육서비스
526,527,071200,인피니트헬스케어,0.175,0.01%,2013,건강관리기술
527,528,075180,새론오토모티브,0.174,0.01%,2013,자동차부품
528,529,009420,한올바이오파마,0.174,0.01%,2013,제약
529,530,096640,멜파스,0.174,0.01%,2013,핸드셋
530,531,005160,동국산업,0.174,0.01%,2013,철강
531,532,073110,엘엠에스,0.173,0.01%,2013,디스플레이장비및부품
532,533,031330,에스에이엠티,0.173,0.01%,2013,전자장비와기기
533,534,034950,한국기업평가,0.172,0.01%,2013,신용평가서비스
534,535,027580,상보,0.172,0.01%,2013,디스플레이장비및부품
535,536,101730,조이맥스,0.172,0.01%,2013,게임소프트웨어와서비스
536,537,066700,테라젠이텍스,0.171,0.01%,2013,제약
537,538,029460,케이씨텍,0.171,0.01%,2013,반도체와반도체장비
538,539,095700,제넥신,0.171,0.01%,2013,생물공학
539,540,123700,SJM,0.170,0.01%,2013,자동차부품
540,541,025770,한국정보통신,0.169,0.01%,2013,다각화된통신서비스
541,542,052260,바이오랜드,0.169,0.01%,2013,화장품
542,543,049070,인탑스,0.168,0.01%,2013,핸드셋
543,544,012610,경인양행,0.168,0.01%,2013,화학
544,545,013870,지엠비코리아,0.166,0.01%,2013,자동차부품
545,546,072470,우리산업,0.166,0.01%,2013,자동차부품
546,547,043150,바텍,0.166,0.01%,2013,건강관리장비와용품
547,548,018120,진로발효,0.166,0.01%,2013,음료
548,549,002150,도화엔지니어링,0.165,0.01%,2013,건설
549,550,024910,경창산업,0.165,0.01%,2013,자동차부품
550,551,095270,웨이브일렉트로,0.165,0.01%,2013,통신장비
551,552,151860,KG ETS,0.165,0.01%,2013,복합유틸리티
552,553,014790,한라,0.165,0.01%,2013,건설
553,554,002840,미원상사,0.164,0.01%,2013,화학
554,555,005290,동진쎄미켐,0.164,0.01%,2013,반도체와반도체장비
555,556,005690,파미셀,0.164,0.01%,2013,생물공학
556,557,040910,아이씨디,0.164,0.01%,2013,디스플레이장비및부품
557,558,011370,서한,0.164,0.01%,2013,건설
558,559,004380,삼익THK,0.164,0.01%,2013,기계
559,560,078070,유비쿼스,0.164,0.01%,2013,통신장비
560,561,095190,이엠코리아,0.163,0.01%,2013,기계
561,562,003220,대원제약,0.163,0.01%,2013,제약
562,563,002000,한국유리,0.162,0.01%,2013,건축제품
563,564,100700,세운메디칼,0.161,0.01%,2013,건강관리장비와용품
564,565,104480,티케이케미칼,0.161,0.01%,2013,화학
565,566,065510,휴비츠,0.160,0.01%,2013,건강관리장비와용품
566,567,035150,백산,0.160,0.01%,2013,"섬유,의류,신발,호화품"
567,568,900040,차이나그레이트,0.160,0.01%,2013,"섬유,의류,신발,호화품"
568,569,065680,우주일렉트로,0.160,0.01%,2013,디스플레이장비및부품
569,570,002450,삼익악기,0.159,0.01%,2013,레저용장비와제품
570,571,030610,교보증권,0.159,0.01%,2013,증권
571,572,011810,STX,0.159,0.01%,2013,조선
572,573,058850,KTcs,0.159,0.01%,2013,상업서비스와공급품
573,574,123100,테라세미콘,0.158,0.01%,2013,디스플레이장비및부품
574,575,028670,STX팬오션,0.157,0.01%,2013,해운사
575,576,001630,종근당홀딩스,0.154,0.01%,2013,제약
576,577,011280,태림포장,0.153,0.01%,2013,포장재
577,578,035900,JYP Ent.,0.153,0.01%,2013,방송과엔터테인먼트
578,579,036560,영풍정밀,0.153,0.01%,2013,기계
579,580,038290,마크로젠,0.153,0.01%,2013,생명과학도구및서비스
580,581,066670,디스플레이텍,0.153,0.01%,2013,핸드셋
581,582,003640,유니온스틸,0.151,0.01%,2013,철강
582,583,012860,대동,0.151,0.01%,2013,자동차부품
583,584,002780,진흥기업,0.151,0.01%,2013,건설
584,585,068760,셀트리온제약,0.150,0.01%,2013,제약
585,586,067290,JW중외신약,0.149,0.01%,2013,제약
586,587,122990,와이솔,0.149,0.01%,2013,핸드셋
587,588,036540,STS반도체,0.149,0.01%,2013,반도체와반도체장비
588,589,042520,한스바이오메드,0.148,0.01%,2013,생물공학
589,590,023000,삼원강재,0.148,0.01%,2013,자동차부품
590,591,002797,아모레G2우B,0.147,0.01%,2013,화장품
591,592,053030,바이넥스,0.147,0.01%,2013,제약
592,593,033640,네패스,0.147,0.01%,2013,반도체와반도체장비
593,594,117580,대성에너지,0.147,0.01%,2013,가스유틸리티
594,595,149950,아바텍,0.146,0.01%,2013,디스플레이장비및부품
595,596,079960,동양이엔피,0.146,0.01%,2013,전기제품
596,597,001940,KISCO홀딩스,0.146,0.01%,2013,철강
597,598,123410,코리아에프티,0.146,0.01%,2013,자동차부품
598,599,095500,미래나노텍,0.146,0.01%,2013,디스플레이장비및부품
599,600,007160,사조산업,0.146,0.01%,2013,식품
600,601,108380,대양전기공업,0.145,0.01%,2013,조선
601,602,013990,아가방컴퍼니,0.145,0.01%,2013,"섬유,의류,신발,호화품"
602,603,012160,영흥철강,0.145,0.01%,2013,철강
603,604,054800,아이디스홀딩스,0.145,0.01%,2013,전자장비와기기
604,605,003545,대신증권우,0.145,0.01%,2013,증권
605,606,102260,동성홀딩스,0.145,0.01%,2013,화학
606,607,016710,대성홀딩스,0.144,0.01%,2013,가스유틸리티
607,608,033270,유나이티드제약,0.144,0.01%,2013,제약
608,609,093190,빅솔론,0.144,0.01%,2013,컴퓨터와주변기기
609,610,044450,KSS해운,0.144,0.01%,2013,해운사
610,611,126700,하이비젼시스템,0.144,0.01%,2013,핸드셋
611,612,033560,블루콤,0.144,0.01%,2013,핸드셋
612,613,064550,바이오니아,0.143,0.01%,2013,생물공학
613,614,084010,대한제강,0.143,0.01%,2013,철강
614,615,015890,태경산업,0.143,0.01%,2013,철강
615,616,000490,대동공업,0.142,0.01%,2013,기계
616,617,016610,동부증권,0.142,0.01%,2013,증권
617,618,013120,동원개발,0.140,0.01%,2013,건설
618,619,009440,KC그린홀딩스,0.139,0.01%,2013,기계
619,620,004980,성신양회,0.139,0.01%,2013,건축자재
620,621,005710,대원산업,0.139,0.01%,2013,자동차부품
621,622,026040,로만손,0.138,0.01%,2013,"섬유,의류,신발,호화품"
622,623,104540,코렌텍,0.138,0.01%,2013,건강관리장비와용품
623,624,038390,레드캡투어,0.138,0.01%,2013,도로와철도운송
624,625,091120,이엠텍,0.137,0.01%,2013,전자장비와기기
625,626,123420,선데이토즈,0.137,0.01%,2013,게임소프트웨어와서비스
626,627,036000,예림당,0.137,0.01%,2013,출판
627,628,041440,에버다임,0.136,0.01%,2013,기계
628,629,141080,레고켐바이오,0.136,0.01%,2013,제약
629,630,069330,유아이디,0.136,0.01%,2013,디스플레이장비및부품
630,631,016380,동부제철,0.136,0.01%,2013,철강
631,632,130660,한전산업,0.136,0.01%,2013,전기유틸리티
632,633,159580,제로투세븐,0.136,0.01%,2013,"섬유,의류,신발,호화품"
633,634,060250,한국사이버결제,0.135,0.01%,2013,IT서비스
634,635,065270,플렉스컴,0.135,0.01%,2013,전자장비와기기
635,636,054210,이랜텍,0.134,0.01%,2013,핸드셋
636,637,003460,유화증권,0.134,0.01%,2013,증권
637,638,085370,루트로닉,0.133,0.01%,2013,건강관리장비와용품
638,639,002300,한국제지,0.133,0.01%,2013,종이와목재
639,640,036800,나이스정보통신,0.133,0.01%,2013,다각화된통신서비스
640,641,143240,사람인에이치알,0.132,0.01%,2013,상업서비스와공급품
641,642,102710,이엔에프테크놀로지,0.132,0.01%,2013,화학
642,643,004840,DRB동일,0.132,0.01%,2013,자동차부품
643,644,035510,신세계 I&C,0.132,0.01%,2013,IT서비스
644,645,030210,KTB투자증권,0.131,0.01%,2013,증권
645,646,005390,신성통상,0.131,0.01%,2013,"섬유,의류,신발,호화품"
646,647,009200,무림페이퍼,0.131,0.01%,2013,종이와목재
647,648,105840,우진,0.131,0.01%,2013,기계
648,649,016880,웅진홀딩스,0.130,0.01%,2013,복합기업
649,650,128820,대성산업,0.129,0.01%,2013,석유와가스
650,651,066900,디에이피,0.129,0.01%,2013,전자장비와기기
651,652,050890,쏠리드,0.129,0.01%,2013,통신장비
652,653,103130,웅진에너지,0.129,0.01%,2013,화학
653,654,094850,참좋은레져,0.129,0.01%,2013,레저용장비와제품
654,655,036220,인포피아,0.129,0.01%,2013,건강관리장비와용품
655,656,170920,엘티씨,0.128,0.01%,2013,디스플레이장비및부품
656,657,005010,휴스틸,0.128,0.01%,2013,철강
657,658,035000,GⅡR,0.128,0.01%,2013,광고
658,659,000835,삼성물산우,0.128,0.01%,2013,건설
659,660,096760,JW홀딩스,0.128,0.01%,2013,제약
660,661,086960,MDS테크,0.128,0.01%,2013,소프트웨어
661,662,047310,파워로직스,0.128,0.01%,2013,전기제품
662,663,019540,일지테크,0.127,0.01%,2013,자동차부품
663,664,039830,오로라,0.126,0.01%,2013,레저용장비와제품
664,665,004060,SG세계물산,0.126,0.01%,2013,"섬유,의류,신발,호화품"
665,666,003650,미창석유,0.126,0.01%,2013,석유와가스
666,667,080520,오디텍,0.125,0.01%,2013,반도체와반도체장비
667,668,095340,ISC,0.125,0.01%,2013,반도체와반도체장비
668,669,002795,아모레G우,0.125,0.01%,2013,화장품
669,670,021320,KCC건설,0.125,0.01%,2013,건설
670,671,097955,CJ제일제당 우,0.125,0.01%,2013,식품
671,672,144620,코오롱머티리얼,0.125,0.01%,2013,"섬유,의류,신발,호화품"
672,673,001270,부국증권,0.124,0.01%,2013,증권
673,674,024090,디씨엠,0.124,0.01%,2013,비철금속
674,675,060280,큐렉소,0.124,0.01%,2013,건강관리장비와용품
675,676,017900,광전자,0.124,0.01%,2013,전자장비와기기
676,677,095910,에스에너지,0.124,0.01%,2013,에너지장비및서비스
677,678,140410,메지온,0.124,0.01%,2013,제약
678,679,009180,한솔CSN,0.123,0.01%,2013,도로와철도운송
679,680,000020,동화약품,0.123,0.01%,2013,제약
680,681,037370,EG,0.122,0.01%,2013,철강
681,682,101970,우양에이치씨,0.122,0.01%,2013,기계
682,683,104200,네오위즈인터넷,0.122,0.01%,2013,방송과엔터테인먼트
683,684,001200,유진투자증권,0.122,0.01%,2013,증권
684,685,153490,우리이앤엘,0.122,0.01%,2013,디스플레이장비및부품
685,686,041650,상신브레이크,0.122,0.01%,2013,자동차부품
686,687,121600,나노신소재,0.122,0.01%,2013,화학
687,688,154040,솔루에타,0.121,0.01%,2013,핸드셋
688,689,026890,디피씨,0.121,0.01%,2013,전기제품
689,690,067570,엔브이에이치코리아,0.121,0.01%,2013,자동차부품
690,691,004540,깨끗한나라,0.121,0.01%,2013,종이와목재
691,692,067310,하나마이크론,0.120,0.01%,2013,반도체와반도체장비
692,693,004890,동일산업,0.120,0.01%,2013,철강
693,694,138490,코오롱플라스틱,0.120,0.01%,2013,화학
694,695,082850,우리이티아이,0.120,0.01%,2013,디스플레이장비및부품
695,696,002250,근화제약,0.120,0.01%,2013,제약
696,697,028080,휴맥스홀딩스,0.119,0.01%,2013,전자제품
697,698,141000,비아트론,0.119,0.01%,2013,디스플레이장비및부품
698,699,006220,제주은행,0.119,0.01%,2013,은행
699,700,006490,로엔케이,0.119,0.01%,2013,석유와가스
700,701,049520,유아이엘,0.119,0.01%,2013,핸드셋
701,702,041830,바이오스페이스,0.119,0.01%,2013,건강관리장비와용품
702,703,123330,제닉,0.119,0.01%,2013,화장품
703,704,027710,팜스토리,0.119,0.01%,2013,식품
704,705,003555,LG우,0.118,0.01%,2013,복합기업
705,706,100840,S&TC,0.118,0.01%,2013,기계
706,707,095610,테스,0.118,0.01%,2013,반도체와반도체장비
707,708,053110,소리바다,0.118,0.01%,2013,방송과엔터테인먼트
708,709,023910,대한약품,0.118,0.01%,2013,제약
709,710,025750,한솔홈데코,0.117,0.01%,2013,건축자재
710,711,123860,아나패스,0.117,0.01%,2013,디스플레이장비및부품
711,712,001460,BYC,0.117,0.01%,2013,"섬유,의류,신발,호화품"
712,713,040300,YTN,0.117,0.01%,2013,방송과엔터테인먼트
713,714,006405,삼성SDI우,0.117,0.01%,2013,디스플레이패널
714,715,003100,선광,0.116,0.01%,2013,운송인프라
715,716,051360,토비스,0.116,0.01%,2013,디스플레이장비및부품
716,717,000215,대림산업우,0.116,0.01%,2013,건설
717,718,000300,대유신소재,0.116,0.01%,2013,자동차부품
718,719,002920,유성기업,0.116,0.01%,2013,자동차부품
719,720,089030,테크윙,0.115,0.01%,2013,반도체와반도체장비
720,721,016250,이테크건설,0.115,0.01%,2013,건설
721,722,053320,테라리소스,0.115,0.01%,2013,석유와가스
722,723,029960,코엔텍,0.115,0.01%,2013,상업서비스와공급품
723,724,040610,SG&G,0.115,0.01%,2013,도로와철도운송
724,725,078150,HB테크놀러지,0.115,0.01%,2013,디스플레이장비및부품
725,726,065160,에프티이앤이,0.115,0.01%,2013,에너지장비및서비스
726,727,151910,나노스,0.114,0.01%,2013,전자장비와기기
727,728,036890,진성티이씨,0.114,0.01%,2013,기계
728,729,001540,안국약품,0.114,0.01%,2013,제약
729,730,061040,알에프텍,0.114,0.01%,2013,핸드셋
730,731,001780,동양강철,0.113,0.01%,2013,비철금속
731,732,008250,이건산업,0.113,0.01%,2013,건축자재
732,733,052710,아모텍,0.113,0.01%,2013,핸드셋
733,734,094190,이엘케이,0.112,0.01%,2013,핸드셋
734,735,009770,삼정펄프,0.111,0.01%,2013,종이와목재
735,736,004960,한신공영,0.111,0.01%,2013,건설
736,737,001530,동일방직,0.111,0.01%,2013,"섬유,의류,신발,호화품"
737,738,078000,텔코웨어,0.111,0.01%,2013,소프트웨어
738,739,067080,대화제약,0.111,0.01%,2013,제약
739,740,122350,삼기오토모티브,0.110,0.01%,2013,자동차부품
740,741,000850,화천기공,0.110,0.01%,2013,기계
741,742,100250,진양홀딩스,0.110,0.01%,2013,화학
742,743,074430,아미노로직스,0.109,0.01%,2013,반도체와반도체장비
743,744,007700,F&F,0.109,0.01%,2013,"섬유,의류,신발,호화품"
744,745,085310,엔케이,0.109,0.01%,2013,기계
745,746,032620,유비케어,0.108,0.01%,2013,건강관리기술
746,747,003280,흥아해운,0.108,0.01%,2013,해운사
747,748,045100,한양이엔지,0.107,0.01%,2013,건설
748,749,079950,LIG에이디피,0.107,0.01%,2013,디스플레이장비및부품
749,750,076610,해성옵틱스,0.107,0.01%,2013,핸드셋
750,751,034590,인천도시가스,0.107,0.01%,2013,가스유틸리티
751,752,074600,원익QnC,0.106,0.01%,2013,반도체와반도체장비
752,753,043650,국순당,0.106,0.01%,2013,음료
753,754,018000,유니슨,0.106,0.01%,2013,기계
754,755,039840,디오,0.106,0.01%,2013,건강관리장비와용품
755,756,016090,대현,0.106,0.01%,2013,"섬유,의류,신발,호화품"
756,757,005190,동성화학,0.106,0.01%,2013,화학
757,758,008970,동양철관,0.105,0.01%,2013,철강
758,759,025320,시노펙스,0.105,0.01%,2013,핸드셋
759,760,011785,금호석유우,0.105,0.01%,2013,화학
760,761,043610,KT뮤직,0.105,0.01%,2013,방송과엔터테인먼트
761,762,042420,네오위즈홀딩스,0.105,0.01%,2013,게임소프트웨어와서비스
762,763,099660,한솔신텍,0.105,0.01%,2013,전기장비
763,764,110570,넥솔론,0.104,0.01%,2013,화학
764,765,900180,완리,0.104,0.01%,2013,건축자재
765,766,045390,대아티아이,0.104,0.01%,2013,IT서비스
766,767,006140,피제이전자,0.103,0.01%,2013,건강관리장비와용품
767,768,122450,KMH,0.103,0.01%,2013,방송과엔터테인먼트
768,769,007980,태평양물산,0.102,0.01%,2013,"섬유,의류,신발,호화품"
769,770,090350,노루페인트,0.102,0.01%,2013,건축자재
770,771,039860,나노엔텍,0.102,0.01%,2013,건강관리장비와용품
771,772,018310,삼목에스폼,0.102,0.01%,2013,건축제품
772,773,129260,인터지스,0.102,0.01%,2013,도로와철도운송
773,774,065150,MPK,0.102,0.01%,2013,"호텔,레스토랑,레저"
774,775,101330,모베이스,0.102,0.01%,2013,핸드셋
775,776,036670,KCI,0.101,0.01%,2013,화학
776,777,039560,다산네트웍스,0.101,0.01%,2013,통신장비
777,778,007540,샘표식품,0.101,0.01%,2013,식품
778,779,067990,도이치모터스,0.101,0.01%,2013,전문소매
779,780,069640,엠케이트렌드,0.099,0.01%,2013,"섬유,의류,신발,호화품"
780,781,006880,신송홀딩스,0.099,0.01%,2013,식품
781,782,058400,KNN,0.099,0.01%,2013,방송과엔터테인먼트
782,783,005960,동부건설,0.099,0.01%,2013,건설
783,784,092070,디엔에프,0.098,0.01%,2013,반도체와반도체장비
784,785,015230,대창단조,0.098,0.01%,2013,기계
785,786,102120,어보브반도체,0.098,0.01%,2013,반도체와반도체장비
786,787,038880,아이에이,0.098,0.01%,2013,반도체와반도체장비
787,788,071055,한국금융지주우,0.098,0.01%,2013,증권
788,789,050110,캠시스,0.097,0.01%,2013,핸드셋
789,790,013520,화승알앤에이,0.097,0.01%,2013,자동차부품
790,791,041910,에스텍파마,0.097,0.01%,2013,제약
791,792,035610,솔본,0.096,0.01%,2013,부동산
792,793,086520,에코프로,0.096,0.01%,2013,화학
793,794,000180,성창기업지주,0.096,0.01%,2013,종이와목재
794,795,036500,유원컴텍,0.096,0.01%,2013,화학
795,796,041930,동아화성,0.096,0.01%,2013,자동차부품
796,797,131290,티에스이,0.096,0.01%,2013,반도체와반도체장비
797,798,072520,태양기전,0.095,0.01%,2013,핸드셋
798,799,035890,서희건설,0.095,0.01%,2013,건설
799,800,002880,대유에이텍,0.095,0.01%,2013,자동차부품
800,801,037350,성도이엔지,0.094,0.01%,2013,반도체와반도체장비
801,802,028100,동아지질,0.094,0.01%,2013,건설
802,803,092200,디아이씨,0.094,0.01%,2013,자동차부품
803,804,005420,코스모화학,0.094,0.01%,2013,화학
804,805,106190,하이텍팜,0.094,0.01%,2013,제약
805,806,083420,KPX그린케미칼,0.093,0.01%,2013,화학
806,807,900080,에스앤씨엔진그룹,0.093,0.01%,2013,자동차부품
807,808,163560,동일고무벨트,0.093,0.01%,2013,자동차부품
808,809,012200,계양전기,0.093,0.01%,2013,기계
809,810,089600,나스미디어,0.093,0.01%,2013,광고
810,811,009155,삼성전기우,0.093,0.01%,2013,전자장비와기기
811,812,015590,대경기계,0.093,0.01%,2013,기계
812,813,115310,인포바인,0.093,0.01%,2013,IT서비스
813,814,078600,대주전자재료,0.093,0.01%,2013,전자장비와기기
814,815,108860,디오텍,0.093,0.01%,2013,소프트웨어
815,816,119650,KC코트렐,0.093,0.01%,2013,기계
816,817,096630,에스코넥,0.092,0.01%,2013,핸드셋
817,818,000250,삼천당제약,0.092,0.01%,2013,제약
818,819,080220,제주반도체,0.092,0.01%,2013,반도체와반도체장비
819,820,024880,케이피에프,0.092,0.01%,2013,기계
820,821,052220,iMBC,0.092,0.01%,2013,방송과엔터테인먼트
821,822,001045,CJ우,0.092,0.01%,2013,식품
822,823,060370,KT서브마린,0.091,0.01%,2013,건설
823,824,067160,아프리카TV,0.091,0.01%,2013,인터넷소프트웨어와서비스
824,825,012800,대창,0.091,0.01%,2013,비철금속
825,826,054540,삼영엠텍,0.090,0.01%,2013,조선
826,827,047560,이스트소프트,0.090,0.01%,2013,게임소프트웨어와서비스
827,828,088910,동우,0.090,0.01%,2013,식품
828,829,011150,CJ씨푸드,0.090,0.01%,2013,식품
829,830,099520,ITX시큐리티,0.090,0.01%,2013,전자장비와기기
830,831,010820,퍼스텍,0.090,0.01%,2013,우주항공과국방
831,832,101680,한국정밀기계,0.090,0.01%,2013,기계
832,833,034940,조아제약,0.089,0.01%,2013,제약
833,834,019300,동일제지,0.089,0.01%,2013,포장재
834,835,033160,엠케이전자,0.089,0.01%,2013,반도체와반도체장비
835,836,004770,써니전자,0.089,0.01%,2013,전자장비와기기
836,837,005800,신영와코루,0.089,0.01%,2013,"섬유,의류,신발,호화품"
837,838,017890,한국알콜,0.088,0.01%,2013,화학
838,839,002200,수출포장,0.088,0.01%,2013,포장재
839,840,064760,티씨케이,0.088,0.01%,2013,반도체와반도체장비
840,841,131030,디에이치피코리아,0.088,0.01%,2013,제약
841,842,001340,백광산업,0.088,0.01%,2013,화학
842,843,089850,유비벨록스,0.088,0.01%,2013,통신장비
843,844,090370,아비스타,0.088,0.01%,2013,"섬유,의류,신발,호화품"
844,845,091090,세원셀론텍,0.088,0.01%,2013,석유와가스
845,846,089980,상아프론테크,0.088,0.01%,2013,디스플레이장비및부품
846,847,054670,대한뉴팜,0.088,0.01%,2013,제약
847,848,086890,이수앱지스,0.087,0.01%,2013,제약
848,849,072020,중앙백신,0.087,0.01%,2013,제약
849,850,048770,TPC,0.087,0.01%,2013,기계
850,851,003560,IHQ,0.087,0.01%,2013,방송과엔터테인먼트
851,852,096240,청담러닝,0.087,0.01%,2013,교육서비스
852,853,005945,우리투자증권우,0.087,0.01%,2013,증권
853,854,016590,신대양제지,0.086,0.01%,2013,포장재
854,855,017040,광명전기,0.086,0.01%,2013,전기장비
855,856,040350,큐로컴,0.086,0.01%,2013,IT서비스
856,857,007590,동방아그로,0.086,0.01%,2013,화학
857,858,061970,엘비세미콘,0.086,0.01%,2013,반도체와반도체장비
858,859,068240,다원시스,0.086,0.01%,2013,전자장비와기기
859,860,014530,극동유화,0.086,0.01%,2013,석유와가스
860,861,040420,정상제이엘에스,0.086,0.01%,2013,교육서비스
861,862,092130,이크레더블,0.086,0.01%,2013,인터넷소프트웨어와서비스
862,863,134780,화진,0.085,0.01%,2013,자동차부품
863,864,011320,유니크,0.085,0.01%,2013,자동차부품
864,865,006980,우성사료,0.085,0.01%,2013,식품
865,866,004780,대륙제관,0.085,0.01%,2013,포장재
866,867,087220,스틸플라워,0.085,0.01%,2013,철강
867,868,013450,동성하이켐,0.085,0.01%,2013,화학
868,869,088800,에이스테크,0.085,0.01%,2013,통신장비
869,870,054780,키이스트,0.084,0.01%,2013,방송과엔터테인먼트
870,871,025560,미래산업,0.084,0.01%,2013,반도체와반도체장비
871,872,061250,화일약품,0.084,0.01%,2013,제약
872,873,090730,SIMPAC METALLOY,0.084,0.01%,2013,철강
873,874,063160,종근당바이오,0.084,0.01%,2013,제약
874,875,090850,이지웰페어,0.083,0.01%,2013,상업서비스와공급품
875,876,004910,조광페인트,0.083,0.01%,2013,건축자재
876,877,000970,한국주철관,0.083,0.01%,2013,철강
877,878,101170,우림기계,0.083,0.01%,2013,기계
878,879,050090,휘닉스소재,0.083,0.01%,2013,디스플레이장비및부품
879,880,111870,삼본정밀전자,0.083,0.01%,2013,가정용기기와용품
880,881,038540,텍셀네트컴,0.082,0.01%,2013,IT서비스
881,882,058430,포스코강판,0.082,0.01%,2013,비철금속
882,883,025900,동화기업,0.082,0.01%,2013,건축자재
883,884,081000,일진다이아,0.082,0.01%,2013,비철금속
884,885,010040,한국내화,0.082,0.01%,2013,비철금속
885,886,026180,현대정보기술,0.082,0.01%,2013,IT서비스
886,887,069410,엔텔스,0.082,0.01%,2013,IT서비스
887,888,014280,금강공업,0.082,0.01%,2013,철강
888,889,096610,알에프세미,0.081,0.01%,2013,핸드셋
889,890,096775,SK이노베이션우,0.081,0.01%,2013,석유와가스
890,891,066970,엘앤에프,0.081,0.01%,2013,전기제품
891,892,023760,한국캐피탈,0.081,0.01%,2013,기타금융
892,893,003830,대한화섬,0.081,0.01%,2013,화학
893,894,012030,동부CNI,0.081,0.01%,2013,IT서비스
894,895,099440,SMEC,0.081,0.01%,2013,기계
895,896,058820,CMG제약,0.081,0.01%,2013,제약
896,897,075130,플랜티넷,0.081,0.01%,2013,인터넷소프트웨어와서비스
897,898,018680,서울제약,0.081,0.01%,2013,제약
898,899,002360,SH에너지화학,0.080,0.01%,2013,화학
899,900,102210,해덕파워웨이,0.080,0.01%,2013,조선
900,901,001290,골든브릿지증권,0.080,0.01%,2013,증권
901,902,081580,성우전자,0.080,0.01%,2013,핸드셋
902,903,037440,희림,0.079,0.01%,2013,건설
903,904,039310,세중,0.079,0.01%,2013,"호텔,레스토랑,레저"
904,905,000500,가온전선,0.079,0.01%,2013,전기장비
905,906,001750,한양증권,0.079,0.01%,2013,증권
906,907,053660,현진소재,0.079,0.01%,2013,조선
907,908,014710,사조씨푸드,0.079,0.01%,2013,식품
908,909,062860,티엘아이,0.078,0.01%,2013,디스플레이장비및부품
909,910,091690,디지텍시스템,0.078,0.01%,2013,핸드셋
910,911,002170,삼양통상,0.078,0.01%,2013,"섬유,의류,신발,호화품"
911,912,035480,제이비어뮤즈먼트,0.078,0.01%,2013,전자제품
912,913,00341A,쌍용양회4우B,0.078,0.01%,2013,
913,914,049180,셀루메드,0.078,0.01%,2013,생명과학도구및서비스
914,915,134380,미원화학,0.077,0.01%,2013,화학
915,916,106520,디지탈옵틱,0.077,0.01%,2013,핸드셋
916,917,030350,드래곤플라이,0.077,0.01%,2013,게임소프트웨어와서비스
917,918,065650,메디프론,0.077,0.01%,2013,전문소매
918,919,105740,디케이락,0.077,0.01%,2013,기계
919,920,002100,경농,0.077,0.01%,2013,화학
920,921,005070,코스모신소재,0.077,0.01%,2013,화학
921,922,002700,신일산업,0.077,0.01%,2013,가정용기기와용품
922,923,053610,프로텍,0.077,0.01%,2013,반도체와반도체장비
923,924,082800,루미마이크로,0.076,0.01%,2013,디스플레이장비및부품
924,925,054090,삼진엘앤디,0.076,0.01%,2013,디스플레이장비및부품
925,926,066620,국보디자인,0.076,0.01%,2013,건설
926,927,046210,파나진,0.076,0.01%,2013,기계
927,928,065570,삼영이엔씨,0.075,0.01%,2013,통신장비
928,929,053280,예스24,0.075,0.01%,2013,인터넷과카탈로그소매
929,930,079370,제우스,0.075,0.01%,2013,전자장비와기기
930,931,012690,모나리자,0.075,0.01%,2013,종이와목재
931,932,001020,페이퍼코리아,0.075,0.01%,2013,종이와목재
932,933,097520,엠씨넥스,0.075,0.01%,2013,핸드셋
933,934,002460,화성산업,0.075,0.01%,2013,건설
934,935,060150,인선이엔티,0.075,0.01%,2013,상업서비스와공급품
935,936,003960,사조대림,0.075,0.01%,2013,식품
936,937,047400,쌍용머티리얼,0.074,0.01%,2013,비철금속
937,938,024070,WISCOM,0.074,0.01%,2013,화학
938,939,104460,동양피엔에프,0.074,0.01%,2013,기계
939,940,025530,SJM홀딩스,0.074,0.01%,2013,자동차부품
940,941,089530,아이테스트,0.074,0.01%,2013,반도체와반도체장비
941,942,013580,계룡건설,0.074,0.01%,2013,건설
942,943,049080,기가레인,0.073,0.01%,2013,핸드셋
943,944,010100,한국프랜지,0.073,0.01%,2013,자동차부품
944,945,101390,아이엠,0.073,0.01%,2013,전자장비와기기
945,946,024810,이화전기,0.073,0.01%,2013,전기장비
946,947,002210,동성제약,0.073,0.01%,2013,제약
947,948,094820,일진에너지,0.073,0.01%,2013,기계
948,949,054040,한국컴퓨터,0.073,0.01%,2013,디스플레이장비및부품
949,950,014440,영보화학,0.073,0.01%,2013,화학
950,951,014100,보령메디앙스,0.073,0.01%,2013,가정용품
951,952,153360,하이골드3호,0.073,0.01%,2013,
952,953,007820,신흥기계,0.072,0.01%,2013,기계
953,954,007110,일신석재,0.072,0.01%,2013,건축자재
954,955,073490,이노와이어리스,0.072,0.01%,2013,통신장비
955,956,069110,코스온,0.072,0.01%,2013,전문소매
956,957,005430,한국공항,0.072,0.01%,2013,운송인프라
957,958,159650,하이골드8호,0.072,0.01%,2013,
958,959,001520,동양,0.071,0.01%,2013,건축자재
959,960,023600,삼보판지,0.071,0.01%,2013,포장재
960,961,048430,유라테크,0.071,0.01%,2013,자동차부품
961,962,082930,실리콘화일,0.071,0.01%,2013,핸드셋
962,963,043290,케이맥,0.071,0.01%,2013,디스플레이장비및부품
963,964,082920,비츠로셀,0.071,0.01%,2013,전기제품
964,965,053620,태양,0.070,0.01%,2013,가정용품
965,966,009270,신원,0.070,0.01%,2013,"섬유,의류,신발,호화품"
966,967,084730,팅크웨어,0.070,0.01%,2013,다각화된통신서비스
967,968,155900,바다로19호,0.070,0.01%,2013,
968,969,002820,선창산업,0.070,0.01%,2013,종이와목재
969,970,011000,VGX인터,0.070,0.01%,2013,"섬유,의류,신발,호화품"
970,971,039440,에스티아이,0.069,0.01%,2013,반도체와반도체장비
971,972,052770,와이디온라인,0.069,0.01%,2013,게임소프트웨어와서비스
972,973,003720,삼영화학,0.069,0.01%,2013,화학
973,974,053350,이니텍,0.069,0.01%,2013,소프트웨어
974,975,014160,대영포장,0.069,0.01%,2013,포장재
975,976,101930,인화정공,0.069,0.01%,2013,조선
976,977,000910,유니온,0.069,0.01%,2013,건축자재
977,978,019685,대교우B,0.068,0.01%,2013,교육서비스
978,979,008350,남선알미늄,0.068,0.01%,2013,건축제품
979,980,112240,에스에프씨,0.068,0.01%,2013,화학
980,981,038870,에코에너지,0.068,0.01%,2013,독립전력생산및에너지거래
981,982,005980,성지건설,0.068,0.01%,2013,건설
982,983,069510,에스텍,0.068,0.01%,2013,전자장비와기기
983,984,084680,이월드,0.068,0.01%,2013,"호텔,레스토랑,레저"
984,985,015020,이스타코,0.068,0.01%,2013,부동산
985,986,006060,화승인더,0.067,0.01%,2013,화학
986,987,083310,엘오티베큠,0.067,0.01%,2013,반도체와반도체장비
987,988,004080,신흥,0.067,0.01%,2013,건강관리장비와용품
988,989,009300,삼아제약,0.067,0.01%,2013,제약
989,990,033130,디지틀조선,0.067,0.01%,2013,인터넷소프트웨어와서비스
990,991,109860,동일금속,0.067,0.01%,2013,기계
991,992,067170,오텍,0.067,0.01%,2013,자동차부품
992,993,039980,리노스,0.067,0.01%,2013,"섬유,의류,신발,호화품"
993,994,052190,소프트맥스,0.066,0.01%,2013,게임소프트웨어와서비스
994,995,094280,효성ITX,0.066,0.01%,2013,상업서비스와공급품
995,996,114810,아이원스,0.066,0.01%,2013,반도체와반도체장비
996,997,007720,대명엔터프라이즈,0.066,0.01%,2013,전자장비와기기
997,998,042110,에스씨디,0.066,0.01%,2013,전기제품
998,999,060560,홈센타,0.066,0.01%,2013,건축자재
999,1000,131970,테스나,0.066,0.01%,2013,반도체와반도체장비
1000,1001,172580,하이골드12호,0.065,0.00%,2013,
1001,1002,014190,원익큐브,0.065,0.00%,2013,화학
1002,1003,131180,딜리,0.065,0.00%,2013,컴퓨터와주변기기
1003,1004,182690,테라셈,0.065,0.00%,2013,
1004,1005,006570,대림통상,0.065,0.00%,2013,건축제품
1005,1006,123840,한일진공,0.064,0.00%,2013,기계
1006,1007,018470,조일알미늄,0.064,0.00%,2013,비철금속
1007,1008,065940,케이에스씨비,0.064,0.00%,2013,화학
1008,1009,001260,남광토건,0.064,0.00%,2013,건설
1009,1010,001380,SG충남방적,0.064,0.00%,2013,"섬유,의류,신발,호화품"
1010,1011,032980,폴리비전,0.064,0.00%,2013,화학
1011,1012,006660,삼성공조,0.064,0.00%,2013,자동차부품
1012,1013,006890,태경화학,0.064,0.00%,2013,화학
1013,1014,036630,온세텔레콤,0.064,0.00%,2013,다각화된통신서비스
1014,1015,001560,제일연마,0.064,0.00%,2013,비철금속
1015,1016,002230,피에스텍,0.064,0.00%,2013,전기제품
1016,1017,079940,가비아,0.064,0.00%,2013,인터넷소프트웨어와서비스
1017,1018,011930,신성솔라에너지,0.064,0.00%,2013,에너지장비및서비스
1018,1019,080470,성창오토텍,0.064,0.00%,2013,자동차부품
1019,1020,126600,코프라,0.064,0.00%,2013,자동차부품
1020,1021,017550,수산중공업,0.063,0.00%,2013,기계
1021,1022,065130,탑엔지니어링,0.063,0.00%,2013,디스플레이장비및부품
1022,1023,170030,현대공업,0.063,0.00%,2013,자동차부품
1023,1024,159910,CS엘쏠라,0.063,0.00%,2013,디스플레이장비및부품
1024,1025,053700,삼보모터스,0.063,0.00%,2013,자동차부품
1025,1026,037070,파세코,0.063,0.00%,2013,가정용기기와용품
1026,1027,052300,승화산업,0.063,0.00%,2013,도로와철도운송
1027,1028,076080,웰크론한텍,0.063,0.00%,2013,기계
1028,1029,002710,TCC동양,0.063,0.00%,2013,철강
1029,1030,099320,쎄트렉아이,0.062,0.00%,2013,우주항공과국방
1030,1031,043590,크로바하이텍,0.062,0.00%,2013,전기제품
1031,1032,009310,참엔지니어링,0.062,0.00%,2013,디스플레이장비및부품
1032,1033,023810,인팩,0.062,0.00%,2013,자동차부품
1033,1034,078890,가온미디어,0.062,0.00%,2013,전자제품
1034,1035,093230,이필름,0.062,0.00%,2013,핸드셋
1035,1036,068930,디지털대성,0.062,0.00%,2013,교육서비스
1036,1037,023800,인지컨트롤스,0.062,0.00%,2013,자동차부품
1037,1038,057030,YBM시사닷컴,0.062,0.00%,2013,교육서비스
1038,1039,003060,슈넬생명과학,0.062,0.00%,2013,제약
1039,1040,155660,DSR,0.062,0.00%,2013,화학
1040,1041,017510,세명전기,0.062,0.00%,2013,전기장비
1041,1042,079190,EMW,0.062,0.00%,2013,핸드셋
1042,1043,032850,비트컴퓨터,0.062,0.00%,2013,건강관리기술
1043,1044,010960,삼호개발,0.062,0.00%,2013,건설
1044,1045,001620,동국실업,0.061,0.00%,2013,자동차부품
1045,1046,058610,에스피지,0.061,0.00%,2013,전기제품
1046,1047,056700,신화인터텍,0.061,0.00%,2013,디스플레이장비및부품
1047,1048,084670,동양고속,0.061,0.00%,2013,도로와철도운송
1048,1049,001080,만호제강,0.061,0.00%,2013,철강
1049,1050,033230,인성정보,0.061,0.00%,2013,통신장비
1050,1051,038950,파인디지털,0.061,0.00%,2013,전자제품
1051,1052,033200,모아텍,0.061,0.00%,2013,전자장비와기기
1052,1053,011500,한농화성,0.061,0.00%,2013,화학
1053,1054,009190,대양금속,0.061,0.00%,2013,비철금속
1054,1055,016100,산성앨엔에스,0.061,0.00%,2013,종이와목재
1055,1056,052860,아이앤씨,0.060,0.00%,2013,핸드셋
1056,1057,083930,아바코,0.060,0.00%,2013,디스플레이장비및부품
1057,1058,020710,시공테크,0.060,0.00%,2013,상업서비스와공급품
1058,1059,014580,백광소재,0.060,0.00%,2013,비철금속
1059,1060,071670,에이테크솔루션,0.060,0.00%,2013,기계
1060,1061,088130,동아엘텍,0.060,0.00%,2013,디스플레이장비및부품
1061,1062,019770,탑금속,0.060,0.00%,2013,기계
1062,1063,096300,베트남개발1,0.060,0.00%,2013,
1063,1064,008600,윌비스,0.060,0.00%,2013,"섬유,의류,신발,호화품"
1064,1065,950110,SBI액시즈,0.060,0.00%,2013,
1065,1066,024900,덕양산업,0.060,0.00%,2013,자동차부품
1066,1067,059100,아이컴포넌트,0.059,0.00%,2013,디스플레이장비및부품
1067,1068,023900,풍국주정,0.059,0.00%,2013,음료
1068,1069,120240,대정화금,0.059,0.00%,2013,화학
1069,1070,019550,SBI인베스트먼트,0.059,0.00%,2013,창업투자
1070,1071,017480,삼현철강,0.059,0.00%,2013,철강
1071,1072,001820,삼화콘덴서,0.059,0.00%,2013,전기제품
1072,1073,137950,제이씨케미칼,0.059,0.00%,2013,화학
1073,1074,102280,쌍방울,0.059,0.00%,2013,"섬유,의류,신발,호화품"
1074,1075,028300,에이치엘비,0.059,0.00%,2013,전자장비와기기
1075,1076,149940,모다정보통신,0.059,0.00%,2013,통신장비
1076,1077,037340,네오아레나,0.059,0.00%,2013,통신장비
1077,1078,064290,인텍플러스,0.059,0.00%,2013,반도체와반도체장비
1078,1079,074130,디아이디,0.058,0.00%,2013,디스플레이장비및부품
1079,1080,138690,엘티에스,0.058,0.00%,2013,디스플레이장비및부품
1080,1081,010660,화천기계,0.058,0.00%,2013,기계
1081,1082,009070,KCTC,0.058,0.00%,2013,도로와철도운송
1082,1083,032860,자원,0.058,0.00%,2013,철강
1083,1084,032560,황금에스티,0.058,0.00%,2013,비철금속
1084,1085,137940,넥스트아이,0.058,0.00%,2013,디스플레이장비및부품
1085,1086,111820,처음앤씨,0.058,0.00%,2013,인터넷과카탈로그소매
1086,1087,001810,무림SP,0.058,0.00%,2013,종이와목재
1087,1088,126880,제이엔케이히터,0.058,0.00%,2013,기계
1088,1089,091590,남화토건,0.057,0.00%,2013,건설
1089,1090,027040,서울전자통신,0.057,0.00%,2013,전기제품
1090,1091,139200,하이골드2호,0.057,0.00%,2013,
1091,1092,003080,성보화학,0.057,0.00%,2013,화학
1092,1093,066980,하이쎌,0.057,0.00%,2013,디스플레이장비및부품
1093,1094,046070,코다코,0.057,0.00%,2013,자동차부품
1094,1095,010170,대한광통신,0.057,0.00%,2013,전기장비
1095,1096,036210,태산엘시디,0.057,0.00%,2013,디스플레이장비및부품
1096,1097,093320,케이아이엔엑스,0.056,0.00%,2013,IT서비스
1097,1098,057500,SKC 솔믹스,0.056,0.00%,2013,반도체와반도체장비
1098,1099,126640,화신정공,0.056,0.00%,2013,자동차부품
1099,1100,063170,서울옥션,0.056,0.00%,2013,판매업체
1100,1101,050120,라이브플렉스,0.056,0.00%,2013,레저용장비와제품
1101,1102,025850,KPX화인케미칼,0.056,0.00%,2013,화학
1102,1103,131390,피앤이솔루션,0.056,0.00%,2013,전기제품
1103,1104,006805,대우증권우,0.056,0.00%,2013,증권
1104,1105,006910,보성파워텍,0.056,0.00%,2013,전기장비
1105,1106,032040,C&S자산관리,0.056,0.00%,2013,상업서비스와공급품
1106,1107,119860,다나와,0.056,0.00%,2013,인터넷과카탈로그소매
1107,1108,045890,동부라이텍,0.056,0.00%,2013,디스플레이장비및부품
1108,1109,000800,경남기업,0.056,0.00%,2013,건설
1109,1110,045970,비에스이,0.056,0.00%,2013,핸드셋
1110,1111,069460,대호에이엘,0.055,0.00%,2013,비철금속
1111,1112,041460,한국전자인증,0.055,0.00%,2013,IT서비스
1112,1113,002600,조흥,0.055,0.00%,2013,식품
1113,1114,000157,두산2우B,0.055,0.00%,2013,복합기업
1114,1115,040160,누리텔레콤,0.055,0.00%,2013,소프트웨어
1115,1116,066350,티에스엠텍,0.055,0.00%,2013,기계
1116,1117,005560,JS전선,0.055,0.00%,2013,전기장비
1117,1118,005305,롯데칠성우,0.055,0.00%,2013,음료
1118,1119,123750,알톤스포츠,0.055,0.00%,2013,레저용장비와제품
1119,1120,137400,피엔티,0.055,0.00%,2013,디스플레이장비및부품
1120,1121,063570,한국전자금융,0.055,0.00%,2013,결제관련서비스
1121,1122,031510,오스템,0.054,0.00%,2013,자동차부품
1122,1123,002630,오리엔트바이오,0.054,0.00%,2013,생물공학
1123,1124,021080,에이티넘인베스트,0.054,0.00%,2013,창업투자
1124,1125,027050,코리아나,0.054,0.00%,2013,화장품
1125,1126,010280,쌍용정보통신,0.054,0.00%,2013,IT서비스
1126,1127,033830,대구방송,0.054,0.00%,2013,방송과엔터테인먼트
1127,1128,004450,삼화왕관,0.054,0.00%,2013,포장재
1128,1129,052900,비아이이엠티,0.053,0.00%,2013,반도체와반도체장비
1129,1130,065530,전파기지국,0.053,0.00%,2013,통신장비
1130,1131,065060,지엔코,0.053,0.00%,2013,"섬유,의류,신발,호화품"
1131,1132,106080,하이소닉,0.053,0.00%,2013,핸드셋
1132,1133,032960,동일기연,0.053,0.00%,2013,전자장비와기기
1133,1134,068790,DMS,0.053,0.00%,2013,디스플레이장비및부품
1134,1135,082660,크루셜엠스,0.053,0.00%,2013,핸드셋
1135,1136,051390,영우통신,0.053,0.00%,2013,통신장비
1136,1137,059210,메타바이오메드,0.053,0.00%,2013,건강관리장비와용품
1137,1138,008260,NI스틸,0.053,0.00%,2013,철강
1138,1139,091580,상신이디피,0.053,0.00%,2013,핸드셋
1139,1140,002900,동양물산,0.053,0.00%,2013,기계
1140,1141,049480,오픈베이스,0.053,0.00%,2013,IT서비스
1141,1142,024840,갑을메탈,0.052,0.00%,2013,전기장비
1142,1143,045660,에이텍,0.052,0.00%,2013,컴퓨터와주변기기
1143,1144,000040,S&T모터스,0.052,0.00%,2013,자동차
1144,1145,079660,사조해표,0.052,0.00%,2013,식품
1145,1146,024830,세원물산,0.052,0.00%,2013,자동차부품
1146,1147,038070,서린바이오,0.052,0.00%,2013,생물공학
1147,1148,052290,트레이스,0.052,0.00%,2013,핸드셋
1148,1149,000650,천일고속,0.052,0.00%,2013,도로와철도운송
1149,1150,078935,GS우,0.052,0.00%,2013,석유와가스
1150,1151,023350,한국종합기술,0.052,0.00%,2013,건설
1151,1152,900090,차이나하오란,0.052,0.00%,2013,종이와목재
1152,1153,003925,남양유업우,0.051,0.00%,2013,식품
1153,1154,021050,서원,0.051,0.00%,2013,비철금속
1154,1155,071930,에이스하이텍,0.051,0.00%,2013,반도체와반도체장비
1155,1156,012790,신일제약,0.051,0.00%,2013,제약
1156,1157,066910,손오공,0.051,0.00%,2013,레저용장비와제품
1157,1158,037400,우리조명지주,0.051,0.00%,2013,전기제품
1158,1159,100090,삼강엠앤티,0.051,0.00%,2013,철강
1159,1160,024890,대원화성,0.051,0.00%,2013,"섬유,의류,신발,호화품"
1160,1161,039290,인포뱅크,0.051,0.00%,2013,IT서비스
1161,1162,036010,아비코전자,0.051,0.00%,2013,전기제품
1162,1163,158380,삼목강업,0.051,0.00%,2013,자동차부품
1163,1164,078650,코렌,0.051,0.00%,2013,핸드셋
1164,1165,016670,포비스티앤씨,0.051,0.00%,2013,소프트웨어
1165,1166,003547,대신증권2우B,0.051,0.00%,2013,증권
1166,1167,008700,아남전자,0.050,0.00%,2013,전자제품
1167,1168,007120,디올메디바이오,0.050,0.00%,2013,IT서비스
1168,1169,119850,지엔씨에너지,0.050,0.00%,2013,전기장비
1169,1170,086200,씨앤비텍,0.050,0.00%,2013,통신장비
1170,1171,013810,스페코,0.050,0.00%,2013,기계
1171,1172,120115,코오롱인더우,0.050,0.00%,2013,화학
1172,1173,001840,이화공영,0.050,0.00%,2013,건설
1173,1174,033110,이디,0.050,0.00%,2013,전자장비와기기
1174,1175,049830,승일,0.050,0.00%,2013,포장재
1175,1176,025980,에머슨퍼시픽,0.050,0.00%,2013,"호텔,레스토랑,레저"
1176,1177,171010,램테크놀러지,0.049,0.00%,2013,반도체와반도체장비
1177,1178,059090,미코,0.049,0.00%,2013,반도체와반도체장비
1178,1179,025440,대성엘텍,0.049,0.00%,2013,자동차부품
1179,1180,024120,KB오토시스,0.049,0.00%,2013,자동차부품
1180,1181,114450,KPX생명과학,0.049,0.00%,2013,제약
1181,1182,065950,웰크론,0.049,0.00%,2013,"섬유,의류,신발,호화품"
1182,1183,121550,코크렙15호,0.049,0.00%,2013,
1183,1184,067920,이글루시큐리티,0.049,0.00%,2013,소프트웨어
1184,1185,119500,포메탈,0.049,0.00%,2013,자동차부품
1185,1186,012340,뉴인텍,0.049,0.00%,2013,전기제품
1186,1187,120030,조선선재,0.049,0.00%,2013,철강
1187,1188,066310,큐에스아이,0.049,0.00%,2013,반도체와반도체장비
1188,1189,003610,방림,0.049,0.00%,2013,"섬유,의류,신발,호화품"
1189,1190,053690,한미글로벌,0.048,0.00%,2013,건설
1190,1191,037330,인지디스플레,0.048,0.00%,2013,디스플레이장비및부품
1191,1192,123570,이엠넷,0.048,0.00%,2013,광고
1192,1193,020120,다우인큐브,0.048,0.00%,2013,소프트웨어
1193,1194,083450,GST,0.048,0.00%,2013,반도체와반도체장비
1194,1195,155650,와이엠씨,0.048,0.00%,2013,디스플레이장비및부품
1195,1196,066130,하츠,0.048,0.00%,2013,가정용기기와용품
1196,1197,027740,마니커,0.048,0.00%,2013,식품
1197,1198,004310,현대약품,0.048,0.00%,2013,제약
1198,1199,015710,코콤,0.048,0.00%,2013,통신장비
1199,1200,072130,유엔젤,0.048,0.00%,2013,인터넷소프트웨어와서비스
1200,1201,036170,씨티엘,0.048,0.00%,2013,디스플레이장비및부품
1201,1202,108675,LG하우시스우,0.048,0.00%,2013,건축자재
1202,1203,053260,금강철강,0.048,0.00%,2013,철강
1203,1204,064520,바른전자,0.048,0.00%,2013,반도체와반도체장비
1204,1205,001880,삼호,0.048,0.00%,2013,건설
1205,1206,069140,누리플랜,0.047,0.00%,2013,상업서비스와공급품
1206,1207,005620,대성합동지주,0.047,0.00%,2013,석유와가스
1207,1208,090120,잘만테크,0.047,0.00%,2013,컴퓨터와주변기기
1208,1209,042510,라온시큐어,0.047,0.00%,2013,통신장비
1209,1210,000950,전방,0.047,0.00%,2013,"섬유,의류,신발,호화품"
1210,1211,086670,비엠티,0.047,0.00%,2013,기계
1211,1212,065350,신성델타테크,0.047,0.00%,2013,전자장비와기기
1212,1213,049800,우진플라임,0.047,0.00%,2013,기계
1213,1214,036640,HRS,0.047,0.00%,2013,화학
1214,1215,170790,파이오링크,0.047,0.00%,2013,통신장비
1215,1216,007190,한솔아트원제지,0.047,0.00%,2013,종이와목재
1216,1217,091970,나노캠텍,0.047,0.00%,2013,화학
1217,1218,114630,우노앤컴퍼니,0.047,0.00%,2013,화학
1218,1219,046390,삼화네트웍스,0.047,0.00%,2013,방송과엔터테인먼트
1219,1220,089890,고려반도체,0.047,0.00%,2013,반도체와반도체장비
1220,1221,025550,한국선재,0.047,0.00%,2013,철강
1221,1222,006340,대원전선,0.046,0.00%,2013,전기장비
1222,1223,092220,KEC,0.046,0.00%,2013,반도체와반도체장비
1223,1224,080530,코디에스,0.046,0.00%,2013,반도체와반도체장비
1224,1225,042370,비츠로테크,0.046,0.00%,2013,전기장비
1225,1226,090740,연이정보통신,0.046,0.00%,2013,디스플레이장비및부품
1226,1227,023460,CNH,0.046,0.00%,2013,기타금융
1227,1228,078140,대봉엘에스,0.046,0.00%,2013,제약
1228,1229,115610,이미지스,0.046,0.00%,2013,핸드셋
1229,1230,006125,SK케미칼우,0.046,0.00%,2013,화학
1230,1231,011560,세보엠이씨,0.046,0.00%,2013,건설
1231,1232,011090,에넥스,0.046,0.00%,2013,가구
1232,1233,050860,아세아텍,0.046,0.00%,2013,기계
1233,1234,014990,인디에프,0.045,0.00%,2013,"섬유,의류,신발,호화품"
1234,1235,004140,동방,0.045,0.00%,2013,도로와철도운송
1235,1236,005900,동양건설,0.045,0.00%,2013,건설
1236,1237,053050,지에스이,0.045,0.00%,2013,석유와가스
1237,1238,086040,바이오톡스텍,0.045,0.00%,2013,생명과학도구및서비스
1238,1239,001570,금양,0.045,0.00%,2013,화학
1239,1240,004830,덕성,0.045,0.00%,2013,"섬유,의류,신발,호화품"
1240,1241,042500,링네트,0.045,0.00%,2013,IT서비스
1241,1242,099340,하나니켈1호,0.045,0.00%,2013,
1242,1243,054220,비츠로시스,0.045,0.00%,2013,상업서비스와공급품
1243,1244,043100,솔고바이오,0.045,0.00%,2013,건강관리장비와용품
1244,1245,065690,대진디엠피,0.044,0.00%,2013,컴퓨터와주변기기
1245,1246,090470,AST젯텍,0.044,0.00%,2013,반도체와반도체장비
1246,1247,048910,대원미디어,0.044,0.00%,2013,방송과엔터테인먼트
1247,1248,037270,휘닉스컴,0.044,0.00%,2013,광고
1248,1249,069730,DSR제강,0.044,0.00%,2013,철강
1249,1250,003010,혜인,0.044,0.00%,2013,무역회사와판매업체
1250,1251,007330,푸른저축은행,0.044,0.00%,2013,기타금융
1251,1252,032580,피델릭스,0.044,0.00%,2013,반도체와반도체장비
1252,1253,001550,조비,0.044,0.00%,2013,화학
1253,1254,002070,남영비비안,0.044,0.00%,2013,"섬유,의류,신발,호화품"
1254,1255,122690,서진오토모티브,0.044,0.00%,2013,자동차부품
1255,1256,023430,인테그레이티드에너지,0.044,0.00%,2013,가정용기기와용품
1256,1257,089150,케이씨티,0.044,0.00%,2013,컴퓨터와주변기기
1257,1258,049950,미래컴퍼니,0.044,0.00%,2013,디스플레이패널
1258,1259,101490,에스앤에스텍,0.044,0.00%,2013,반도체와반도체장비
1259,1260,007610,선도전기,0.044,0.00%,2013,전기장비
1260,1261,023450,동남합성,0.043,0.00%,2013,화학
1261,1262,033180,필룩스,0.043,0.00%,2013,전기제품
1262,1263,098120,마이크로컨텍솔,0.043,0.00%,2013,반도체와반도체장비
1263,1264,017250,인터엠,0.043,0.00%,2013,전자장비와기기
1264,1265,049630,재영솔루텍,0.043,0.00%,2013,핸드셋
1265,1266,010770,평화홀딩스,0.043,0.00%,2013,자동차부품
1266,1267,052020,에스티큐브,0.043,0.00%,2013,컴퓨터와주변기기
1267,1268,150900,파수닷컴,0.043,0.00%,2013,소프트웨어
1268,1269,066410,캔들미디어,0.043,0.00%,2013,방송과엔터테인먼트
1269,1270,050540,엠피씨,0.043,0.00%,2013,IT서비스
1270,1271,082390,피엘에이,0.042,0.00%,2013,디스플레이장비및부품
1271,1272,064820,소셜미디어99,0.042,0.00%,2013,조선
1272,1273,004367,세방2우B,0.042,0.00%,2013,도로와철도운송
1273,1274,039340,한국경제TV,0.042,0.00%,2013,방송과엔터테인먼트
1274,1275,138360,에이씨티,0.042,0.00%,2013,화장품
1275,1276,001470,삼부토건,0.042,0.00%,2013,건설
1276,1277,156100,엘앤케이바이오,0.042,0.00%,2013,
1277,1278,006740,영풍제지,0.042,0.00%,2013,종이와목재
1278,1279,012280,영화금속,0.042,0.00%,2013,자동차부품
1279,1280,085910,네오티스,0.042,0.00%,2013,전자장비와기기
1280,1281,025820,이구산업,0.042,0.00%,2013,비철금속
1281,1282,057540,옴니시스템,0.042,0.00%,2013,전자장비와기기
1282,1283,065450,빅텍,0.042,0.00%,2013,전자장비와기기
1283,1284,000590,CS홀딩스,0.042,0.00%,2013,철강
1284,1285,140890,트러스제7호,0.042,0.00%,2013,
1285,1286,068290,삼성출판사,0.042,0.00%,2013,출판
1286,1287,089230,용현BM,0.042,0.00%,2013,조선
1287,1288,051490,나라엠앤디,0.042,0.00%,2013,기계
1288,1289,033310,디케이디앤아이,0.042,0.00%,2013,포장재
1289,1290,056080,유진로봇,0.042,0.00%,2013,가정용기기와용품
1290,1291,127120,디엔에이링크,0.041,0.00%,2013,생명과학도구및서비스
1291,1292,106240,파인테크닉스,0.041,0.00%,2013,디스플레이장비및부품
1292,1293,123040,엠에스오토텍,0.041,0.00%,2013,자동차부품
1293,1294,018500,동원금속,0.040,0.00%,2013,자동차부품
1294,1295,004200,고려개발,0.040,0.00%,2013,건설
1295,1296,005860,한일사료,0.040,0.00%,2013,식품
1296,1297,004870,티웨이홀딩스,0.040,0.00%,2013,건축자재
1297,1298,127160,매직마이크로,0.040,0.00%,2013,
1298,1299,094480,갤럭시아컴즈,0.040,0.00%,2013,IT서비스
1299,1300,115480,씨유메디칼,0.040,0.00%,2013,건강관리장비와용품
1300,1301,002530,벽산건설,0.040,0.00%,2013,건설
1301,1302,026940,부국철강,0.040,0.00%,2013,철강
1302,1303,011700,한신기계,0.040,0.00%,2013,기계
1303,1304,058730,동아에스텍,0.040,0.00%,2013,건축제품
1304,1305,097870,효성오앤비,0.040,0.00%,2013,화학
1305,1306,054450,텔레칩스,0.040,0.00%,2013,반도체와반도체장비
1306,1307,065560,큐브스,0.040,0.00%,2013,소프트웨어
1307,1308,139670,넥스트리밍,0.040,0.00%,2013,소프트웨어
1308,1309,037460,삼지전자,0.040,0.00%,2013,통신장비
1309,1310,149980,하이로닉,0.040,0.00%,2013,
1310,1311,048410,현대아이비티,0.040,0.00%,2013,컴퓨터와주변기기
1311,1312,003605,SK우,0.040,0.00%,2013,석유와가스
1312,1313,036810,에프에스티,0.040,0.00%,2013,반도체와반도체장비
1313,1314,027830,대성창투,0.039,0.00%,2013,창업투자
1314,1315,044780,한광,0.039,0.00%,2013,기계
1315,1316,064240,홈캐스트,0.039,0.00%,2013,전자제품
1316,1317,088790,진도,0.039,0.00%,2013,"섬유,의류,신발,호화품"
1317,1318,030720,동원수산,0.039,0.00%,2013,식품
1318,1319,041590,GemTech,0.039,0.00%,2013,핸드셋
1319,1320,021040,대호피앤씨,0.039,0.00%,2013,기계
1320,1321,002410,범양건영,0.039,0.00%,2013,건설
1321,1322,025890,한국주강,0.039,0.00%,2013,기계
1322,1323,034300,신세계건설,0.039,0.00%,2013,건설
1323,1324,005750,대림B&Co,0.039,0.00%,2013,건축제품
1324,1325,024800,유성티엔에스,0.039,0.00%,2013,도로와철도운송
1325,1326,038110,에코플라스틱,0.039,0.00%,2013,자동차부품
1326,1327,032750,삼진,0.039,0.00%,2013,전자제품
1327,1328,100660,서암기계공업,0.039,0.00%,2013,기계
1328,1329,000890,보해양조,0.039,0.00%,2013,음료
1329,1330,033320,제이씨현,0.039,0.00%,2013,전자장비와기기
1330,1331,058530,이큐스앤자루,0.039,0.00%,2013,전자장비와기기
1331,1332,158310,세호로보트,0.039,0.00%,2013,기계
1332,1333,900070,글로벌에스엠,0.038,0.00%,2013,기계
1333,1334,093520,매커스,0.038,0.00%,2013,전자장비와기기
1334,1335,000220,유유제약,0.038,0.00%,2013,제약
1335,1336,023790,동일철강,0.038,0.00%,2013,철강
1336,1337,114920,대주이엔티,0.038,0.00%,2013,
1337,1338,060570,아이리버,0.038,0.00%,2013,전자제품
1338,1339,090360,로보스타,0.038,0.00%,2013,디스플레이장비및부품
1339,1340,130580,나이스디앤비,0.038,0.00%,2013,신용평가서비스
1340,1341,008420,문배철강,0.038,0.00%,2013,철강
1341,1342,052420,오성엘에스티,0.038,0.00%,2013,디스플레이장비및부품
1342,1343,131400,액트,0.038,0.00%,2013,전자장비와기기
1343,1344,115570,스타플렉스,0.038,0.00%,2013,화학
1344,1345,039020,이건창호,0.038,0.00%,2013,건축제품
1345,1346,073070,넥센테크,0.038,0.00%,2013,자동차부품
1346,1347,092600,넥스트칩,0.038,0.00%,2013,반도체와반도체장비
1347,1348,101000,디엠씨,0.038,0.00%,2013,조선
1348,1349,039200,오스코텍,0.038,0.00%,2013,생물공학
1349,1350,009320,대우부품,0.038,0.00%,2013,자동차부품
1350,1351,092460,한라IMS,0.038,0.00%,2013,조선
1351,1352,015260,에이엔피,0.038,0.00%,2013,자동차부품
1352,1353,011300,성안,0.038,0.00%,2013,"섬유,의류,신발,호화품"
1353,1354,016600,큐캐피탈,0.038,0.00%,2013,창업투자
1354,1355,032540,TJ미디어,0.037,0.00%,2013,전자제품
1355,1356,007370,진양제약,0.037,0.00%,2013,제약
1356,1357,031820,콤텍시스템,0.037,0.00%,2013,통신장비
1357,1358,079970,투비소프트,0.037,0.00%,2013,소프트웨어
1358,1359,134580,디엠티,0.037,0.00%,2013,통신장비
1359,1360,043260,성호전자,0.037,0.00%,2013,전기제품
1360,1361,006920,모헨즈,0.037,0.00%,2013,건축자재
1361,1362,092730,네오팜,0.037,0.00%,2013,제약
1362,1363,026150,특수건설,0.037,0.00%,2013,건설
1363,1364,047080,한빛소프트,0.037,0.00%,2013,게임소프트웨어와서비스
1364,1365,065170,엔알디,0.037,0.00%,2013,식품
1365,1366,032820,우리기술,0.037,0.00%,2013,전자장비와기기
1366,1367,117670,알파칩스,0.037,0.00%,2013,반도체와반도체장비
1367,1368,003465,유화증권우,0.037,0.00%,2013,증권
1368,1369,018290,지엠피,0.037,0.00%,2013,사무용전자제품
1369,1370,014970,삼륭물산,0.037,0.00%,2013,포장재
1370,1371,071090,하이스틸,0.037,0.00%,2013,철강
1371,1372,011420,IB월드와이드,0.037,0.00%,2013,방송과엔터테인먼트
1372,1373,033100,제룡전기,0.037,0.00%,2013,전기장비
1373,1374,900110,이스트아시아홀딩스,0.037,0.00%,2013,"섬유,의류,신발,호화품"
1374,1375,038680,에스넷,0.036,0.00%,2013,통신장비
1375,1376,068150,엔티피아,0.036,0.00%,2013,"섬유,의류,신발,호화품"
1376,1377,126870,뉴로스,0.036,0.00%,2013,기계
1377,1378,017180,명문제약,0.036,0.00%,2013,제약
1378,1379,019490,하이트론,0.036,0.00%,2013,통신장비
1379,1380,033050,제이엠아이,0.036,0.00%,2013,컴퓨터와주변기기
1380,1381,008290,원풍물산,0.036,0.00%,2013,"섬유,의류,신발,호화품"
1381,1382,128660,피제이메탈,0.036,0.00%,2013,비철금속
1382,1383,150840,인트로메딕,0.036,0.00%,2013,건강관리장비와용품
1383,1384,008470,부스타,0.036,0.00%,2013,기계
1384,1385,115530,씨엔플러스,0.036,0.00%,2013,전자장비와기기
1385,1386,005870,휴니드,0.036,0.00%,2013,통신장비
1386,1387,089140,넥스턴,0.036,0.00%,2013,기계
1387,1388,047770,코데즈컴바인,0.036,0.00%,2013,"섬유,의류,신발,호화품"
1388,1389,009730,DS제강,0.035,0.00%,2013,비철금속
1389,1390,025950,동신건설,0.035,0.00%,2013,건설
1390,1391,085670,뉴프렉스,0.035,0.00%,2013,전자장비와기기
1391,1392,017370,우신시스템,0.035,0.00%,2013,자동차부품
1392,1393,047440,레이젠,0.035,0.00%,2013,디스플레이장비및부품
1393,1394,093640,다믈멀티미디어,0.035,0.00%,2013,반도체와반도체장비
1394,1395,007280,한국특수형강,0.035,0.00%,2013,철강
1395,1396,022220,애강리메텍,0.035,0.00%,2013,건축제품
1396,1397,039420,케이엘넷,0.035,0.00%,2013,IT서비스
1397,1398,036180,영인프런티어,0.035,0.00%,2013,생명과학도구및서비스
1398,1399,009470,삼화전기,0.035,0.00%,2013,전기제품
1399,1400,139050,경봉,0.035,0.00%,2013,IT서비스
1400,1401,036690,코맥스,0.035,0.00%,2013,통신장비
1401,1402,044960,이-글 벳,0.035,0.00%,2013,제약
1402,1403,096350,대창솔루션,0.035,0.00%,2013,조선
1403,1404,014570,고려제약,0.035,0.00%,2013,제약
1404,1405,043910,자연과환경,0.035,0.00%,2013,기계
1405,1406,068330,일신바이오,0.035,0.00%,2013,생명과학도구및서비스
1406,1407,071280,로체시스템즈,0.035,0.00%,2013,디스플레이장비및부품
1407,1408,099220,SDN,0.035,0.00%,2013,에너지장비및서비스
1408,1409,053590,한국테크놀로지,0.035,0.00%,2013,전문소매
1409,1410,094970,제이엠티,0.035,0.00%,2013,디스플레이장비및부품
1410,1411,059120,아진엑스텍,0.035,0.00%,2013,
1411,1412,058630,엠게임,0.034,0.00%,2013,게임소프트웨어와서비스
1412,1413,006090,사조오양,0.034,0.00%,2013,식품
1413,1414,124500,아이티센시스템즈,0.034,0.00%,2013,
1414,1415,060900,에어파크,0.034,0.00%,2013,상업서비스와공급품
1415,1416,121850,코이즈,0.034,0.00%,2013,디스플레이장비및부품
1416,1417,109080,옵티시스,0.034,0.00%,2013,통신장비
1417,1418,053290,능률교육,0.034,0.00%,2013,교육서비스
1418,1419,033340,좋은사람들,0.034,0.00%,2013,"섬유,의류,신발,호화품"
1419,1420,185490,아이진,0.034,0.00%,2013,
1420,1421,090540,코크렙8호,0.034,0.00%,2013,
1421,1422,033430,한국자원투자개발,0.034,0.00%,2013,철강
1422,1423,056360,코위버,0.034,0.00%,2013,통신장비
1423,1424,014200,광림,0.034,0.00%,2013,자동차
1424,1425,033290,필코전자,0.034,0.00%,2013,전기제품
1425,1426,035620,바른손게임즈,0.034,0.00%,2013,게임소프트웨어와서비스
1426,1427,153460,네이블,0.034,0.00%,2013,소프트웨어
1427,1428,114570,에스이티아이,0.034,0.00%,2013,반도체와반도체장비
1428,1429,002680,영남제분,0.033,0.00%,2013,식품
1429,1430,032790,지아이블루,0.033,0.00%,2013,컴퓨터와주변기기
1430,1431,050760,에스폴리텍,0.033,0.00%,2013,화학
1431,1432,068060,KCW,0.033,0.00%,2013,자동차부품
1432,1433,010420,한솔PNS,0.033,0.00%,2013,전문소매
1433,1434,033540,파라텍,0.033,0.00%,2013,기계
1434,1435,003680,한성기업,0.033,0.00%,2013,식품
1435,1436,079000,와토스코리아,0.033,0.00%,2013,건축제품
1436,1437,039240,경남스틸,0.033,0.00%,2013,철강
1437,1438,049470,SGA,0.033,0.00%,2013,소프트웨어
1438,1439,064480,브리지텍,0.033,0.00%,2013,IT서비스
1439,1440,131090,시큐브,0.032,0.00%,2013,소프트웨어
1440,1441,073010,케이에스피,0.032,0.00%,2013,조선
1441,1442,004720,우리들제약,0.032,0.00%,2013,제약
1442,1443,008370,원풍,0.032,0.00%,2013,화학
1443,1444,008110,대동전자,0.032,0.00%,2013,전자장비와기기
1444,1445,130500,금호엔티,0.032,0.00%,2013,자동차부품
1445,1446,071950,코아스,0.032,0.00%,2013,가구
1446,1447,187770,판타지오,0.032,0.00%,2013,
1447,1448,054920,소프트포럼,0.032,0.00%,2013,소프트웨어
1448,1449,054340,피앤텔,0.032,0.00%,2013,핸드셋
1449,1450,006390,현대시멘트,0.032,0.00%,2013,건축자재
1450,1451,083640,윈포넷,0.032,0.00%,2013,전자장비와기기
1451,1452,048470,대동스틸,0.032,0.00%,2013,철강
1452,1453,060230,이그잭스,0.032,0.00%,2013,디스플레이장비및부품
1453,1454,093240,에리트베이직,0.032,0.00%,2013,"섬유,의류,신발,호화품"
1454,1455,004410,서울식품,0.032,0.00%,2013,식품
1455,1456,018700,바른손,0.031,0.00%,2013,"호텔,레스토랑,레저"
1456,1457,016920,카스,0.031,0.00%,2013,전자장비와기기
1457,1458,004090,한국석유,0.031,0.00%,2013,화학
1458,1459,101990,파브코,0.031,0.00%,2013,자동차부품
1459,1460,023440,제일제강,0.031,0.00%,2013,철강
1460,1461,139170,퓨얼셀,0.031,0.00%,2013,
1461,1462,00341D,쌍용양회5우B,0.031,0.00%,2013,
1462,1463,009460,한창제지,0.031,0.00%,2013,포장재
1463,1464,070300,솔라시아,0.031,0.00%,2013,핸드셋
1464,1465,067900,와이엔텍,0.031,0.00%,2013,상업서비스와공급품
1465,1466,043710,다스텍,0.031,0.00%,2013,핸드셋
1466,1467,004320,울트라건설,0.031,0.00%,2013,건설
1467,1468,005820,원림,0.031,0.00%,2013,포장재
1468,1469,039010,현대통신,0.031,0.00%,2013,통신장비
1469,1470,083470,KJ프리텍,0.031,0.00%,2013,핸드셋
1470,1471,131220,대한과학,0.031,0.00%,2013,생명과학도구및서비스
1471,1472,097800,윈팩,0.031,0.00%,2013,반도체와반도체장비
1472,1473,039610,화성,0.031,0.00%,2013,기계
1473,1474,049430,코메론,0.031,0.00%,2013,기계
1474,1475,004270,남성,0.031,0.00%,2013,전자장비와기기
1475,1476,047820,초록뱀,0.031,0.00%,2013,방송과엔터테인먼트
1476,1477,000420,로케트전기,0.031,0.00%,2013,전기제품
1477,1478,100030,모바일리더,0.031,0.00%,2013,소프트웨어
1478,1479,001275,부국증권우,0.031,0.00%,2013,증권
1479,1480,000520,삼일제약,0.030,0.00%,2013,제약
1480,1481,019990,에너토크,0.030,0.00%,2013,기계
1481,1482,064800,필링크,0.030,0.00%,2013,인터넷소프트웨어와서비스
1482,1483,036090,위지트,0.030,0.00%,2013,디스플레이장비및부품
1483,1484,073640,삼원테크,0.030,0.00%,2013,기계
1484,1485,025880,케이씨피드,0.030,0.00%,2013,식품
1485,1486,065770,CS,0.030,0.00%,2013,통신장비
1486,1487,024060,흥구석유,0.030,0.00%,2013,석유와가스
1487,1488,006580,대양제지,0.030,0.00%,2013,종이와목재
1488,1489,032940,원익,0.030,0.00%,2013,건강관리업체및서비스
1489,1490,011330,유니켐,0.030,0.00%,2013,"섬유,의류,신발,호화품"
1490,1491,090710,동부로봇,0.030,0.00%,2013,전자장비와기기
1491,1492,140660,위월드,0.030,0.00%,2013,
1492,1493,024740,한일단조,0.030,0.00%,2013,자동차부품
1493,1494,118000,우리들생명과학,0.030,0.00%,2013,건강관리장비와용품
1494,1495,029480,케이디씨,0.030,0.00%,2013,통신장비
1495,1496,008870,금비,0.030,0.00%,2013,포장재
1496,1497,051980,SNH,0.029,0.00%,2013,통신장비
1497,1498,131370,케이비게임앤앱스스팩,0.029,0.00%,2013,인터넷소프트웨어와서비스
1498,1499,017650,대림제지,0.029,0.00%,2013,종이와목재
1499,1500,003780,진양산업,0.029,0.00%,2013,화학
1500,1501,002720,국제약품,0.029,0.00%,2013,제약
1501,1502,086390,유니테스트,0.029,0.00%,2013,반도체와반도체장비
1502,1503,032080,아즈텍WB,0.029,0.00%,2013,"섬유,의류,신발,호화품"
1503,1504,006050,국영지앤엠,0.029,0.00%,2013,건축제품
1504,1505,006110,삼아알미늄,0.029,0.00%,2013,비철금속
1505,1506,083550,케이엠,0.029,0.00%,2013,반도체와반도체장비
1506,1507,002760,보락,0.029,0.00%,2013,식품
1507,1508,087730,네패스신소재,0.029,0.00%,2013,반도체와반도체장비
1508,1509,002140,고려산업,0.029,0.00%,2013,식품
1509,1510,147830,제룡산업,0.029,0.00%,2013,전기장비
1510,1511,010470,오리콤,0.029,0.00%,2013,광고
1511,1512,000360,삼환기업,0.029,0.00%,2013,건설
1512,1513,065420,에스아이리소스,0.029,0.00%,2013,석유와가스
1513,1514,039230,솔브레인이엔지,0.028,0.00%,2013,디스플레이장비및부품
1514,1515,065710,서호전기,0.028,0.00%,2013,소프트웨어
1515,1516,038460,바이오스마트,0.028,0.00%,2013,전자장비와기기
1516,1517,030960,양지사,0.028,0.00%,2013,문구류
1517,1518,002870,신풍제지,0.028,0.00%,2013,포장재
1518,1519,032680,비티씨정보,0.028,0.00%,2013,전자장비와기기
1519,1520,096690,세우테크,0.028,0.00%,2013,컴퓨터와주변기기
1520,1521,012620,원일특강,0.028,0.00%,2013,기계
1521,1522,114190,웰크론강원,0.028,0.00%,2013,기계
1522,1523,041920,메디아나,0.028,0.00%,2013,
1523,1524,046970,우리로광통신,0.028,0.00%,2013,통신장비
1524,1525,002220,한일철강,0.028,0.00%,2013,철강
1525,1526,057680,옴니텔,0.028,0.00%,2013,인터넷소프트웨어와서비스
1526,1527,066590,우수AMS,0.028,0.00%,2013,자동차부품
1527,1528,046120,오르비텍,0.027,0.00%,2013,상업서비스와공급품
1528,1529,005360,모나미,0.027,0.00%,2013,상업서비스와공급품
1529,1530,011690,유양디앤유,0.027,0.00%,2013,디스플레이장비및부품
1530,1531,066790,씨씨에스,0.027,0.00%,2013,방송과엔터테인먼트
1531,1532,105330,케이엔더블유,0.027,0.00%,2013,디스플레이장비및부품
1532,1533,035460,기산텔레콤,0.027,0.00%,2013,통신장비
1533,1534,073540,에프알텍,0.027,0.00%,2013,통신장비
1534,1535,013360,일성건설,0.027,0.00%,2013,건설
1535,1536,039740,한국정보공학,0.027,0.00%,2013,전자장비와기기
1536,1537,046940,우원개발,0.027,0.00%,2013,건설
1537,1538,014130,한익스프레스,0.027,0.00%,2013,도로와철도운송
1538,1539,048830,엔피케이,0.027,0.00%,2013,화학
1539,1540,043340,에쎈테크,0.027,0.00%,2013,기계
1540,1541,075970,동국알앤에스,0.027,0.00%,2013,비철금속
1541,1542,080010,이상네트웍스,0.027,0.00%,2013,인터넷소프트웨어와서비스
1542,1543,116100,태양기계,0.027,0.00%,2013,
1543,1544,110500,유니드코리아,0.026,0.00%,2013,디스플레이장비및부품
1544,1545,002355,넥센타이어1우B,0.026,0.00%,2013,자동차부품
1545,1546,115500,케이씨에스,0.026,0.00%,2013,IT서비스
1546,1547,093380,풍강,0.026,0.00%,2013,자동차부품
1547,1548,057880,토필드,0.026,0.00%,2013,전자제품
1548,1549,007460,나라케이아이씨,0.026,0.00%,2013,기계
1549,1550,009140,경인전자,0.026,0.00%,2013,전기제품
1550,1551,039790,위노바,0.026,0.00%,2013,건강관리장비와용품
1551,1552,084650,랩지노믹스,0.026,0.00%,2013,
1552,1553,045520,크린앤사이언스,0.026,0.00%,2013,자동차부품
1553,1554,004100,태양금속,0.026,0.00%,2013,자동차부품
1554,1555,109740,디에스케이,0.026,0.00%,2013,디스플레이장비및부품
1555,1556,058420,제이웨이,0.026,0.00%,2013,방송과엔터테인먼트
1556,1557,043360,디지아이,0.026,0.00%,2013,컴퓨터와주변기기
1557,1558,052670,제일바이오,0.025,0.00%,2013,제약
1558,1559,081150,티플랙스,0.025,0.00%,2013,철강
1559,1560,013000,세우글로벌,0.025,0.00%,2013,판매업체
1560,1561,045510,정원엔시스,0.025,0.00%,2013,IT서비스
1561,1562,086830,신양,0.025,0.00%,2013,핸드셋
1562,1563,008500,일정실업,0.025,0.00%,2013,자동차부품
1563,1564,045060,오공,0.025,0.00%,2013,화학
1564,1565,010240,흥국,0.025,0.00%,2013,기계
1565,1566,090080,평화산업,0.025,0.00%,2013,자동차부품
1566,1567,036200,유니셈,0.025,0.00%,2013,반도체와반도체장비
1567,1568,019180,티에이치엔,0.025,0.00%,2013,자동차부품
1568,1569,101160,월덱스,0.025,0.00%,2013,반도체와반도체장비
1569,1570,052600,한네트,0.025,0.00%,2013,결제관련서비스
1570,1571,006200,한국전자홀딩스,0.025,0.00%,2013,반도체와반도체장비
1571,1572,141070,맥스로텍,0.025,0.00%,2013,기계
1572,1573,011080,우성I&C,0.025,0.00%,2013,"섬유,의류,신발,호화품"
1573,1574,101240,씨큐브,0.025,0.00%,2013,화학
1574,1575,032280,삼일,0.025,0.00%,2013,도로와철도운송
1575,1576,161570,미동전자통신,0.025,0.00%,2013,자동차부품
1576,1577,040670,와이즈파워,0.025,0.00%,2013,전기제품
1577,1578,012170,키스톤글로벌,0.025,0.00%,2013,석유와가스
1578,1579,131100,리켐,0.025,0.00%,2013,화학
1579,1580,009620,삼보산업,0.025,0.00%,2013,자동차부품
1580,1581,008900,티이씨앤코,0.025,0.00%,2013,전기장비
1581,1582,070590,한솔인티큐브,0.025,0.00%,2013,IT서비스
1582,1583,031310,아이즈비전,0.025,0.00%,2013,인터넷과카탈로그소매
1583,1584,017000,신원종합개발,0.024,0.00%,2013,건설
1584,1585,007770,한일화학,0.024,0.00%,2013,화학
1585,1586,043200,파루,0.024,0.00%,2013,에너지장비및서비스
1586,1587,009780,엠에스씨,0.024,0.00%,2013,식품
1587,1588,136510,쎄미시스코,0.024,0.00%,2013,디스플레이장비및부품
1588,1589,130740,티피씨글로벌,0.024,0.00%,2013,자동차부품
1589,1590,000440,중앙에너비스,0.024,0.00%,2013,석유와가스
1590,1591,008720,삼양엔텍,0.024,0.00%,2013,기계
1591,1592,121800,티브이로직,0.024,0.00%,2013,전자장비와기기
1592,1593,051630,진양화학,0.024,0.00%,2013,화학
1593,1594,104110,신성이엔지,0.024,0.00%,2013,반도체와반도체장비
1594,1595,033250,체시스,0.024,0.00%,2013,자동차부품
1595,1596,145270,케이탑리츠,0.024,0.00%,2013,
1596,1597,900130,웨이포트,0.024,0.00%,2013,기계
1597,1598,013340,AJS,0.024,0.00%,2013,기계
1598,1599,134790,팀스,0.024,0.00%,2013,가구
1599,1600,123690,한국화장품,0.024,0.00%,2013,화장품
1600,1601,160350,웹솔루스,0.024,0.00%,2013,
1601,1602,067010,이씨에스,0.023,0.00%,2013,IT서비스
1602,1603,072950,빛샘전자,0.023,0.00%,2013,디스플레이장비및부품
1603,1604,012600,청호컴넷,0.023,0.00%,2013,컴퓨터와주변기기
1604,1605,046110,한일네트웍스,0.023,0.00%,2013,IT서비스
1605,1606,020180,대신정보통신,0.023,0.00%,2013,IT서비스
1606,1607,079650,서산,0.023,0.00%,2013,건축자재
1607,1608,072770,아로마소프트,0.023,0.00%,2013,인터넷소프트웨어와서비스
1608,1609,086250,화신테크,0.023,0.00%,2013,자동차부품
1609,1610,037230,한국팩키지,0.023,0.00%,2013,포장재
1610,1611,068940,아이씨케이,0.023,0.00%,2013,전자장비와기기
1611,1612,081970,넥스지,0.023,0.00%,2013,소프트웨어
1612,1613,014910,성문전자,0.023,0.00%,2013,전기제품
1613,1614,017680,데코네티션,0.023,0.00%,2013,"섬유,의류,신발,호화품"
1614,1615,090150,광진윈텍,0.023,0.00%,2013,자동차부품
1615,1616,068050,팬엔터테인먼트,0.023,0.00%,2013,방송과엔터테인먼트
1616,1617,074150,창해에너지어링,0.023,0.00%,2013,건설
1617,1618,179720,옐로페이,0.023,0.00%,2013,
1618,1619,019010,그랜드백화점,0.022,0.00%,2013,백화점과일반상점
1619,1620,001000,신라섬유,0.022,0.00%,2013,"섬유,의류,신발,호화품"
1620,1621,156170,비앤에스미디어,0.022,0.00%,2013,
1621,1622,158300,에스에이티이엔지,0.022,0.00%,2013,
1622,1623,099410,동방선기,0.022,0.00%,2013,조선
1623,1624,037760,쎄니트,0.022,0.00%,2013,비철금속
1624,1625,005255,녹십자홀딩스1우,0.022,0.00%,2013,제약
1625,1626,115450,디지탈아리아,0.022,0.00%,2013,소프트웨어
1626,1627,007390,네이처셀,0.022,0.00%,2013,음료
1627,1628,080180,아시아1호,0.022,0.00%,2013,
1628,1629,004365,세방우,0.022,0.00%,2013,도로와철도운송
1629,1630,069540,빛과전자,0.022,0.00%,2013,통신장비
1630,1631,094940,푸른기술,0.022,0.00%,2013,컴퓨터와주변기기
1631,1632,054930,유신,0.022,0.00%,2013,건설
1632,1633,113810,디젠스,0.022,0.00%,2013,자동차부품
1633,1634,042600,새로닉스,0.022,0.00%,2013,디스플레이장비및부품
1634,1635,038530,코아크로스,0.022,0.00%,2013,전자장비와기기
1635,1636,000105,유한양행우,0.022,0.00%,2013,제약
1636,1637,053160,프리엠스,0.022,0.00%,2013,전기제품
1637,1638,183350,엘피케이,0.022,0.00%,2013,
1638,1639,001360,삼성제약,0.022,0.00%,2013,제약
1639,1640,021650,한국큐빅,0.021,0.00%,2013,자동차부품
1640,1641,030790,동양네트웍스,0.021,0.00%,2013,상업서비스와공급품
1641,1642,014350,신일건업,0.021,0.00%,2013,건설
1642,1643,054180,중앙오션,0.021,0.00%,2013,조선
1643,1644,094860,코닉글로리,0.021,0.00%,2013,IT서비스
1644,1645,089790,제이티,0.021,0.00%,2013,반도체와반도체장비
1645,1646,092300,현우산업,0.021,0.00%,2013,전자장비와기기
1646,1647,023150,MH에탄올,0.021,0.00%,2013,음료
1647,1648,019590,엠벤처투자,0.021,0.00%,2013,창업투자
1648,1649,099830,씨그널정보통신,0.021,0.00%,2013,IT서비스
1649,1650,115440,우리넷,0.021,0.00%,2013,통신장비
1650,1651,036260,웰메이드,0.021,0.00%,2013,방송과엔터테인먼트
1651,1652,078350,한양디지텍,0.021,0.00%,2013,반도체와반도체장비
1652,1653,078860,포인트아이,0.021,0.00%,2013,인터넷소프트웨어와서비스
1653,1654,051780,큐로홀딩스,0.021,0.00%,2013,판매업체
1654,1655,015540,트랜스더멀아시아홀딩스,0.021,0.00%,2013,판매업체
1655,1656,044380,주연테크,0.021,0.00%,2013,컴퓨터와주변기기
1656,1657,041190,우리기술투자,0.021,0.00%,2013,창업투자
1657,1658,000760,이화산업,0.021,0.00%,2013,화학
1658,1659,073190,듀오백코리아,0.021,0.00%,2013,가구
1659,1660,060380,동양에스텍,0.021,0.00%,2013,철강
1660,1661,179280,스탠다드펌,0.020,0.00%,2013,
1661,1662,084180,수성,0.020,0.00%,2013,기계
1662,1663,032420,터보테크,0.020,0.00%,2013,전자장비와기기
1663,1664,077280,다윈텍,0.020,0.00%,2013,디스플레이장비및부품
1664,1665,010640,진양폴리,0.020,0.00%,2013,화학
1665,1666,080960,동북아3호,0.020,0.00%,2013,
1666,1667,080970,동북아4호,0.020,0.00%,2013,
1667,1668,091340,S&K폴리텍,0.020,0.00%,2013,디스플레이장비및부품
1668,1669,044060,조광ILI,0.020,0.00%,2013,기계
1669,1670,183490,엔지켐,0.020,0.00%,2013,
1670,1671,061460,한진피앤씨,0.020,0.00%,2013,화학
1671,1672,003310,대주산업,0.020,0.00%,2013,식품
1672,1673,081220,세미텍,0.020,0.00%,2013,반도체와반도체장비
1673,1674,080980,동북아5호,0.020,0.00%,2013,
1674,1675,003580,동원,0.020,0.00%,2013,건축자재
1675,1676,033790,서화정보통신,0.020,0.00%,2013,통신장비
1676,1677,010600,와이비로드,0.020,0.00%,2013,"섬유,의류,신발,호화품"
1677,1678,104040,대성파인텍,0.020,0.00%,2013,자동차부품
1678,1679,051170,루보,0.020,0.00%,2013,기계
1679,1680,004590,한국가구,0.020,0.00%,2013,가구
1680,1681,045300,성우테크론,0.020,0.00%,2013,반도체와반도체장비
1681,1682,177350,베셀,0.020,0.00%,2013,
1682,1683,001070,대한방직,0.020,0.00%,2013,"섬유,의류,신발,호화품"
1683,1684,111610,승화프리텍,0.019,0.00%,2013,건설
1684,1685,035200,프럼파스트,0.019,0.00%,2013,건축제품
1685,1686,043090,팜스웰바이오,0.019,0.00%,2013,제약
1686,1687,101670,코리아에스이,0.019,0.00%,2013,건축제품
1687,1688,038620,위즈정보기술,0.019,0.00%,2013,석유와가스
1688,1689,051380,피씨디렉트,0.019,0.00%,2013,전자장비와기기
1689,1690,053270,구영테크,0.019,0.00%,2013,자동차부품
1690,1691,079170,한창산업,0.019,0.00%,2013,비철금속
1691,1692,088290,이원컴포텍,0.019,0.00%,2013,자동차부품
1692,1693,053330,와이제이브릭스,0.019,0.00%,2013,건설
1693,1694,025270,부산방직,0.019,0.00%,2013,"섬유,의류,신발,호화품"
1694,1695,024850,피에스엠씨,0.019,0.00%,2013,반도체와반도체장비
1695,1696,000087,하이트진로2우B,0.019,0.00%,2013,음료
1696,1697,004740,보루네오,0.019,0.00%,2013,가구
1697,1698,008775,호텔신라우,0.019,0.00%,2013,"호텔,레스토랑,레저"
1698,1699,067770,세진티에스,0.019,0.00%,2013,디스플레이장비및부품
1699,1700,141020,포티스,0.019,0.00%,2013,전자제품
1700,1701,140290,청광종건,0.019,0.00%,2013,
1701,1702,011390,부산산업,0.018,0.00%,2013,건축자재
1702,1703,053950,경남제약,0.018,0.00%,2013,제약
1703,1704,011230,삼화전자,0.018,0.00%,2013,전자장비와기기
1704,1705,053060,세동,0.018,0.00%,2013,자동차부품
1705,1706,005670,푸드웰,0.018,0.00%,2013,식품
1706,1707,054940,엑사이엔씨,0.018,0.00%,2013,반도체와반도체장비
1707,1708,122800,케이티롤,0.018,0.00%,2013,기계
1708,1709,096870,엘디티,0.018,0.00%,2013,디스플레이장비및부품
1709,1710,036120,서울신용평가,0.018,0.00%,2013,신용평가서비스
1710,1711,001420,태원물산,0.018,0.00%,2013,자동차부품
1711,1712,048870,코아로직,0.018,0.00%,2013,반도체와반도체장비
1712,1713,008800,행남자기,0.018,0.00%,2013,가정용기기와용품
1713,1714,900100,뉴프라이드,0.017,0.00%,2013,자동차부품
1714,1715,005030,부산주공,0.017,0.00%,2013,자동차부품
1715,1716,079810,디이엔티,0.017,0.00%,2013,디스플레이장비및부품
1716,1717,073570,프롬써어티,0.017,0.00%,2013,반도체와반도체장비
1717,1718,058220,아리온,0.017,0.00%,2013,전자제품
1718,1719,052460,아이크래프트,0.017,0.00%,2013,통신장비
1719,1720,086060,진바이오텍,0.017,0.00%,2013,제약
1720,1721,095300,엔에스브이,0.017,0.00%,2013,기계
1721,1722,023960,에쓰씨엔지니어링,0.017,0.00%,2013,건설
1722,1723,098660,에스티오,0.017,0.00%,2013,"섬유,의류,신발,호화품"
1723,1724,078780,아이디에스,0.017,0.00%,2013,핸드셋
1724,1725,046400,디브이에스,0.017,0.00%,2013,전자제품
1725,1726,067630,에너지솔루션,0.017,0.00%,2013,에너지장비및서비스
1726,1727,013700,삼환까뮤,0.017,0.00%,2013,건설
1727,1728,096040,이트론,0.017,0.00%,2013,소프트웨어
1728,1729,003475,동양증권1우,0.017,0.00%,2013,증권
1729,1730,101400,네오피델리티,0.017,0.00%,2013,반도체와반도체장비
1730,1731,004135,대덕GDS우,0.017,0.00%,2013,전자장비와기기
1731,1732,018620,우진비앤지,0.017,0.00%,2013,제약
1732,1733,070480,에버테크노,0.017,0.00%,2013,디스플레이장비및부품
1733,1734,038010,제일테크노스,0.017,0.00%,2013,건축제품
1734,1735,103230,에스앤더블류,0.016,0.00%,2013,조선
1735,1736,036620,버추얼텍,0.016,0.00%,2013,종이와목재
1736,1737,010580,지코,0.016,0.00%,2013,자동차부품
1737,1738,007630,지에스인스트루,0.016,0.00%,2013,통신장비
1738,1739,002290,삼일기업공사,0.016,0.00%,2013,건설
1739,1740,060540,에스에이티,0.016,0.00%,2013,통신장비
1740,1741,056000,코원,0.016,0.00%,2013,전자제품
1741,1742,069920,아이에스이커머스,0.016,0.00%,2013,인터넷과카탈로그소매
1742,1743,107640,한중,0.016,0.00%,2013,
1743,1744,033600,이젠텍,0.016,0.00%,2013,자동차부품
1744,1745,058450,일야,0.016,0.00%,2013,핸드셋
1745,1746,044480,유니더스,0.016,0.00%,2013,가정용품
1746,1747,065440,이루온,0.016,0.00%,2013,소프트웨어
1747,1748,165270,금오하이텍,0.016,0.00%,2013,
1748,1749,049120,파인디앤씨,0.016,0.00%,2013,디스플레이장비및부품
1749,1750,008830,대동기어,0.016,0.00%,2013,기계
1750,1751,036480,대성미생물,0.015,0.00%,2013,제약
1751,1752,066110,백산OPC,0.015,0.00%,2013,컴퓨터와주변기기
1752,1753,056730,아큐픽스,0.015,0.00%,2013,디스플레이장비및부품
1753,1754,004920,삼영홀딩스,0.015,0.00%,2013,IT서비스
1754,1755,031860,에이모션,0.015,0.00%,2013,핸드셋
1755,1756,021880,씨엑스씨종합캐피탈,0.015,0.00%,2013,기타금융
1756,1757,001465,BYC우,0.015,0.00%,2013,"섬유,의류,신발,호화품"
1757,1758,109820,진매트릭스,0.015,0.00%,2013,생물공학
1758,1759,003350,한국화장품제조,0.015,0.00%,2013,화장품
1759,1760,140910,광희리츠,0.015,0.00%,2013,
1760,1761,005110,한창,0.015,0.00%,2013,통신장비
1761,1762,001685,대상우,0.015,0.00%,2013,식품
1762,1763,082250,아시아6호,0.015,0.00%,2013,
1763,1764,058370,금성테크,0.015,0.00%,2013,비철금속
1764,1765,054630,에이디칩스,0.015,0.00%,2013,반도체와반도체장비
1765,1766,121890,에스디시스템,0.014,0.00%,2013,전자장비와기기
1766,1767,119830,아이텍반도체,0.014,0.00%,2013,반도체와반도체장비
1767,1768,148250,알엔투테크놀로지,0.014,0.00%,2013,
1768,1769,026910,광진실업,0.014,0.00%,2013,철강
1769,1770,027970,세하,0.014,0.00%,2013,포장재
1770,1771,024940,PN풍년,0.014,0.00%,2013,가정용기기와용품
1771,1772,039850,태창파로스,0.014,0.00%,2013,식품과기본식료품소매
1772,1773,182360,우리스팩2호,0.014,0.00%,2013,기타
1773,1774,134060,이퓨쳐,0.014,0.00%,2013,교육서비스
1774,1775,032800,G러닝,0.014,0.00%,2013,교육서비스
1775,1776,184230,키움스팩2호,0.014,0.00%,2013,기타
1776,1777,028040,파캔OPC,0.014,0.00%,2013,사무용전자제품
1777,1778,025620,신우,0.014,0.00%,2013,"섬유,의류,신발,호화품"
1778,1779,082240,아시아5호,0.014,0.00%,2013,
1779,1780,082260,아시아7호,0.014,0.00%,2013,
1780,1781,126340,비나텍,0.014,0.00%,2013,
1781,1782,005450,신한,0.014,0.00%,2013,건설
1782,1783,039670,스포츠서울,0.013,0.00%,2013,출판
1783,1784,025870,신라에스지,0.013,0.00%,2013,식품
1784,1785,009810,고려포리머,0.013,0.00%,2013,포장재
1785,1786,054410,케이피티,0.013,0.00%,2013,기계
1786,1787,049720,고려신용정보,0.013,0.00%,2013,신용평가서비스
1787,1788,065500,오리엔트정공,0.013,0.00%,2013,자동차부품
1788,1789,063440,케이디미디어,0.013,0.00%,2013,방송과엔터테인먼트
1789,1790,081940,아시아9호,0.013,0.00%,2013,
1790,1791,091440,텔레필드,0.013,0.00%,2013,통신장비
1791,1792,104120,신성에프에이,0.013,0.00%,2013,반도체와반도체장비
1792,1793,043580,에임하이,0.013,0.00%,2013,전자장비와기기
1793,1794,001770,신화실업,0.013,0.00%,2013,철강
1794,1795,101360,이엔드디,0.013,0.00%,2013,
1795,1796,060260,뉴보텍,0.013,0.00%,2013,화학
1796,1797,149130,케이비부국위탁리츠,0.013,0.00%,2013,
1797,1798,042940,르네코,0.013,0.00%,2013,건설
1798,1799,035290,에듀박스,0.013,0.00%,2013,교육서비스
1799,1800,080440,세진전자,0.013,0.00%,2013,자동차부품
1800,1801,064850,에프앤가이드,0.012,0.00%,2013,
1801,1802,119250,골든나래리츠,0.012,0.00%,2013,
1802,1803,078130,국일제지,0.012,0.00%,2013,종이와목재
1803,1804,051160,지어소프트,0.012,0.00%,2013,인터넷소프트웨어와서비스
1804,1805,003495,대한항공우,0.012,0.00%,2013,항공사
1805,1806,064090,휴바이론,0.012,0.00%,2013,통신장비
1806,1807,019660,베리타스,0.012,0.00%,2013,기타금융
1807,1808,144740,피엠디아카데미,0.012,0.00%,2013,
1808,1809,085980,세화피앤씨,0.012,0.00%,2013,
1809,1810,101140,아티스,0.012,0.00%,2013,"섬유,의류,신발,호화품"
1810,1811,081930,아시아8호,0.012,0.00%,2013,
1811,1812,007815,코리아써우,0.012,0.00%,2013,전자장비와기기
1812,1813,001140,국보,0.012,0.00%,2013,도로와철도운송
1813,1814,007530,영신금속,0.011,0.00%,2013,자동차부품
1814,1815,083660,젠트로,0.011,0.00%,2013,건축제품
1815,1816,002420,세기상사,0.011,0.00%,2013,방송과엔터테인먼트
1816,1817,138610,나이벡,0.011,0.00%,2013,가정용품
1817,1818,020400,대동금속,0.011,0.00%,2013,자동차부품
1818,1819,010670,나노트로닉스,0.011,0.00%,2013,전자장비와기기
1819,1820,186230,그린플러스,0.011,0.00%,2013,
1820,1821,178600,대동고려삼,0.011,0.00%,2013,
1821,1822,056340,CU전자,0.011,0.00%,2013,디스플레이장비및부품
1822,1823,045340,토탈소프트,0.011,0.00%,2013,소프트웨어
1823,1824,013720,청보산업,0.011,0.00%,2013,자동차부품
1824,1825,078590,두올산업,0.011,0.00%,2013,자동차부품
1825,1826,083590,아시아12호,0.011,0.00%,2013,
1826,1827,083570,아시아10호,0.011,0.00%,2013,
1827,1828,005257,녹십자홀딩스2우,0.011,0.00%,2013,제약
1828,1829,083600,아시아13호,0.010,0.00%,2013,
1829,1830,083580,아시아11호,0.010,0.00%,2013,
1830,1831,151750,테라텍,0.010,0.00%,2013,
1831,1832,000075,삼양홀딩스우,0.010,0.00%,2013,식품
1832,1833,185190,수프로,0.010,0.00%,2013,
1833,1834,109960,이너스텍,0.010,0.00%,2013,핸드셋
1834,1835,074000,엠텍비젼,0.010,0.00%,2013,반도체와반도체장비
1835,1836,094360,칩스앤미디어,0.010,0.00%,2013,
1836,1837,181980,힘스인터내셔널,0.010,0.00%,2013,
1837,1838,030270,가희,0.010,0.00%,2013,"섬유,의류,신발,호화품"
1838,1839,038340,쓰리원,0.010,0.00%,2013,운송인프라
1839,1840,002025,코오롱우,0.010,0.00%,2013,화학
1840,1841,065180,피에스앤지,0.010,0.00%,2013,건설
1841,1842,189350,코셋,0.010,0.00%,2013,
1842,1843,066430,케이엠알앤씨,0.010,0.00%,2013,건강관리장비와용품
1843,1844,009835,한화케미칼우,0.010,0.00%,2013,화학
1844,1845,063840,닉스테크,0.009,0.00%,2013,
1845,1846,053810,유비프리시젼,0.009,0.00%,2013,디스플레이장비및부품
1846,1847,081190,아시아2호,0.009,0.00%,2013,
1847,1848,090980,코리아02호,0.009,0.00%,2013,
1848,1849,081200,아시아3호,0.009,0.00%,2013,
1849,1850,050320,아남정보기술,0.009,0.00%,2013,전자장비와기기
1850,1851,083610,아시아14호,0.009,0.00%,2013,
1851,1852,090990,코리아03호,0.009,0.00%,2013,
1852,1853,091000,코리아04호,0.009,0.00%,2013,
1853,1854,004255,NPC우,0.009,0.00%,2013,화학
1854,1855,054300,헤스본,0.009,0.00%,2013,자동차부품
1855,1856,090970,코리아01호,0.009,0.00%,2013,
1856,1857,083620,아시아15호,0.009,0.00%,2013,
1857,1858,003535,한화투자증권우,0.009,0.00%,2013,증권
1858,1859,103650,하나일렉콤,0.009,0.00%,2013,
1859,1860,109070,KGP,0.009,0.00%,2013,종이와목재
1860,1861,005725,넥센우,0.009,0.00%,2013,자동차부품
1861,1862,074610,이엔쓰리,0.008,0.00%,2013,기계
1862,1863,011720,현대피앤씨,0.008,0.00%,2013,화학
1863,1864,046310,백금T&A,0.008,0.00%,2013,전자장비와기기
1864,1865,005320,국동,0.008,0.00%,2013,"섬유,의류,신발,호화품"
1865,1866,023770,플레이위드,0.008,0.00%,2013,게임소프트웨어와서비스
1866,1867,189540,씨티네트웍스,0.008,0.00%,2013,
1867,1868,138440,이코리아리츠,0.008,0.00%,2013,
1868,1869,003945,삼양제넥우,0.008,0.00%,2013,식품
1869,1870,005745,크라운제우,0.007,0.00%,2013,식품
1870,1871,042040,케이피엠테크,0.007,0.00%,2013,전자장비와기기
1871,1872,007575,일양약품우,0.007,0.00%,2013,제약
1872,1873,000885,한화우,0.007,0.00%,2013,화학
1873,1874,041060,아라온테크,0.007,0.00%,2013,디스플레이장비및부품
1874,1875,019570,제미니투자,0.007,0.00%,2013,창업투자
1875,1876,083350,동북아10호,0.007,0.00%,2013,
1876,1877,060240,아이넷스쿨,0.007,0.00%,2013,교육서비스
1877,1878,083380,동북아13호,0.007,0.00%,2013,
1878,1879,019175,신풍제약우,0.007,0.00%,2013,제약
1879,1880,001689,대상3우B,0.007,0.00%,2013,식품
1880,1881,083370,동북아12호,0.007,0.00%,2013,
1881,1882,083360,동북아11호,0.007,0.00%,2013,
1882,1883,083390,동북아14호,0.007,0.00%,2013,
1883,1884,183410,데카시스템,0.007,0.00%,2013,
1884,1885,950010,평산차업 KDR,0.007,0.00%,2013,
1885,1886,081210,아시아4호,0.007,0.00%,2013,
1886,1887,099350,하나니켈2호,0.007,0.00%,2013,
1887,1888,086460,에스엔피제네틱스,0.006,0.00%,2013,
1888,1889,044180,국제디와이,0.006,0.00%,2013,기계
1889,1890,053870,GT&T,0.006,0.00%,2013,통신장비
1890,1891,000687,LS네트웍스전환상환2우B,0.006,0.00%,2013,"섬유,의류,신발,호화품"
1891,1892,001795,대한제당우,0.006,0.00%,2013,식품
1892,1893,043220,경원산업,0.006,0.00%,2013,통신장비
1893,1894,004790,렉스엘이앤지,0.006,0.00%,2013,전자제품
1894,1895,009415,태영건설우,0.006,0.00%,2013,건설
1895,1896,185280,이푸른,0.006,0.00%,2013,
1896,1897,068875,LG생명과학우,0.005,0.00%,2013,제약
1897,1898,189330,씨이랩,0.005,0.00%,2013,
1898,1899,005965,동부건설우,0.005,0.00%,2013,건설
1899,1900,060910,프리젠,0.005,0.00%,2013,자동차부품
1900,1901,012335,현대모비스우,0.005,0.00%,2013,자동차부품
1901,1902,026260,아이디엔,0.005,0.00%,2013,인터넷소프트웨어와서비스
1902,1903,002005,한국유리우,0.005,0.00%,2013,건축제품
1903,1904,145995,삼양사우,0.004,0.00%,2013,식품
1904,1905,18064K,한진칼우,0.004,0.00%,2013,항공사
1905,1906,110310,모린스,0.004,0.00%,2013,핸드셋
1906,1907,084695,대상홀딩스우,0.004,0.00%,2013,식품
1907,1908,000145,하이트진로홀딩스우,0.004,0.00%,2013,음료
1908,1909,016385,동부제철우,0.004,0.00%,2013,철강
1909,1910,078940,일경산업개발,0.004,0.00%,2013,기계
1910,1911,092630,바다로3호,0.004,0.00%,2013,
1911,1912,002995,금호산업우,0.003,0.00%,2013,건설
1912,1913,010145,삼성중공우,0.003,0.00%,2013,조선
1913,1914,004325,울트라건설우,0.003,0.00%,2013,건설
1914,1915,003075,코오롱글로벌우,0.003,0.00%,2013,건설
1915,1916,001527,동양2우B,0.003,0.00%,2013,건축자재
1916,1917,000725,현대건설우,0.003,0.00%,2013,건설
1917,1918,00781K,코리아써키트2우B,0.003,0.00%,2013,전자장비와기기
1918,1919,000225,유유제약1우,0.003,0.00%,2013,제약
1919,1920,001755,한양증권우,0.003,0.00%,2013,증권
1920,1921,004565,현대비앤지스틸우,0.003,0.00%,2013,비철금속
1921,1922,001515,SK증권우,0.003,0.00%,2013,증권
1922,1923,000425,로케트전우,0.003,0.00%,2013,전기제품
1923,1924,001799,대한제당3우B,0.003,0.00%,2013,식품
1924,1925,021045,대호피앤씨우,0.002,0.00%,2013,기계
1925,1926,090355,노루페인트우,0.002,0.00%,2013,건축자재
1926,1927,014825,동원시스템즈우,0.002,0.00%,2013,포장재
1927,1928,012205,계양전기우,0.002,0.00%,2013,기계
1928,1929,004835,덕성우,0.002,0.00%,2013,"섬유,의류,신발,호화품"
1929,1930,000325,노루홀딩스우,0.002,0.00%,2013,건축자재
1930,1931,004985,성신양회우,0.002,0.00%,2013,건축자재
1931,1932,004545,깨끗한나라우,0.002,0.00%,2013,종이와목재
1932,1933,006345,대원전선우,0.002,0.00%,2013,전기장비
1933,1934,000365,삼환기업우,0.002,0.00%,2013,건설
1934,1935,001525,동양우,0.002,0.00%,2013,건축자재
1935,1936,013367,일성건설2우B,0.002,0.00%,2013,건설
1936,1937,007197,한솔아트원제지2우B,0.002,0.00%,2013,종이와목재
1937,1938,004989,성신양회3우B,0.002,0.00%,2013,건축자재
1938,1939,000545,흥국화재우,0.002,0.00%,2013,손해보험
1939,1940,001745,SK네트웍스우,0.002,0.00%,2013,무역회사와판매업체
1940,1941,004105,태양금속우,0.002,0.00%,2013,자동차부품
1941,1942,032685,비티씨정보우,0.002,0.00%,2013,전자장비와기기
1942,1943,001065,JW중외제약우,0.001,0.00%,2013,제약
1943,1944,014285,금강공업우,0.001,0.00%,2013,철강
1944,1945,004987,성신양회2우B,0.001,0.00%,2013,건축자재
1945,1946,000327,노루홀딩스2우B,0.001,0.00%,2013,건축자재
1946,1947,014915,성문전자우,0.001,0.00%,2013,전기제품
1947,1948,002785,진흥기업우B,0.001,0.00%,2013,건설
1948,1949,000995,동부하이텍1우,0.001,0.00%,2013,반도체와반도체장비
1949,1950,004415,서울식품우,0.001,0.00%,2013,식품
1950,1951,001529,동양3우B,0.001,0.00%,2013,건축자재
1951,1952,001067,JW중외제약2우B,0.001,0.00%,2013,제약
1952,1953,011155,CJ씨푸드1우,0.001,0.00%,2013,식품
1953,1954,008355,남선알미우,0.001,0.00%,2013,건축제품
1954,1955,003419,쌍용양회3우B,0.001,0.00%,2013,건축자재
1955,1956,003415,쌍용양회우,0.001,0.00%,2013,건축자재
1956,1957,009275,신원우,0.001,0.00%,2013,"섬유,의류,신발,호화품"
1957,1958,000227,유유제약2우B,0.001,0.00%,2013,제약
1958,1959,000547,흥국화재2우B,0.001,0.00%,2013,손해보험
1959,1960,000997,동부하이텍2우B,0.001,0.00%,2013,반도체와반도체장비
1960,1961,000685,LS네트웍스우,0.001,0.00%,2013,"섬유,의류,신발,호화품"
1961,1962,053595,한국테크놀로지우,0.001,0.00%,2013,전문소매
1962,1963,002787,진흥기업2우B,0.001,0.00%,2013,건설
1963,1964,000895,보해양조우,0.001,0.00%,2013,음료
1964,1965,002365,SH에너지화학우,0.001,0.00%,2013,화학
1965,1966,008705,아남전자우,0.000,0.00%,2013,전자제품
1966,1967,006375,대구백화우,0.000,0.00%,2013,백화점과일반상점
1967,1968,007195,한솔아트원제지우,0.000,0.00%,2013,종이와목재
1968,1969,003965,사조대림우,0.000,0.00%,2013,식품
1969,1970,008975,동양철관우,0.000,0.00%,2013,철강
1970,1971,004965,한신공영우,0.000,0.00%,2013,건설
1971,1972,013005,세우글로벌우,0.000,0.00%,2013,판매업체
1972,1973,002535,벽산건설우,0.000,0.00%,2013,건설
1973,1974,028305,에이치엘비우,0.000,0.00%,2013,
1974,1975,012805,대창우,0.000,0.00%,2013,
1975,1976,003417,쌍용양회2우B,0.000,0.00%,2013,
1976,1977,017555,수산중공우,0.000,0.00%,2013,